Distance (km),DEM Height (m AMSL),Distance (km),DEM Height (m AMSL),Distance (km),DEM Height (m AMSL),Distance (km),DEM Height (m AMSL)
0,800,0,569,0,697,0,720
0.05,803,0.05,565,0.05,697,0.05,720
0.1,798,0.1,566,0.1,697,0.1,717
0.15,798,0.15,566,0.15,690,0.15,719
0.2,794,0.2,570,0.2,690,0.2,716
0.25,794,0.25,570,0.25,665,0.25,719
0.3,792,0.3,570,0.3,665,0.3,720
0.35,792,0.35,568,0.35,661,0.35,720
0.4,777,0.4,568,0.4,653,0.4,719
0.45,775,0.45,567,0.45,656,0.45,719
0.5,775,0.5,567,0.5,644,0.5,713
0.55,769,0.55,565,0.55,644,0.55,719
0.6,755,0.6,568,0.6,638,0.6,709
0.65,768,0.65,568,0.65,629,0.65,716
0.7,768,0.7,566,0.7,620,0.7,706
0.75,746,0.75,566,0.75,620,0.75,706
0.8,746,0.8,568,0.8,610,0.8,703
0.85,725,0.85,568,0.85,610,0.85,703
0.9,696,0.9,568,0.9,608,0.9,703
0.95,680,0.95,570,0.95,608,0.95,708
1,680,1,570,1,610,1,708
1.05,659,1.05,568,1.05,610,1.05,703
1.1,654,1.1,568,1.1,609,1.1,703
1.15,641,1.15,569,1.15,609,1.15,695
1.2,641,1.2,566,1.2,611,1.2,691
1.25,623,1.25,566,1.25,611,1.25,675
1.3,611,1.3,567,1.3,604,1.3,675
1.35,611,1.35,567,1.35,604,1.35,681
1.4,603,1.4,569,1.4,604,1.4,681
1.45,603,1.45,569,1.45,607,1.45,688
1.5,613,1.5,571,1.5,607,1.5,688
1.55,613,1.55,568,1.55,609,1.55,698
1.6,620,1.6,568,1.6,609,1.6,701
1.65,620,1.65,570,1.65,611,1.65,721
1.7,646,1.7,570,1.7,606,1.7,721
1.75,644,1.75,569,1.75,606,1.75,746
1.8,661,1.8,570,1.8,606,1.8,746
1.85,661,1.85,570,1.85,602,1.85,738
1.9,661,1.9,571,1.9,602,1.9,738
1.95,664,1.95,571,1.95,602,1.95,738
2,646,2,569,2,602,2,739
2.05,646,2.05,572,2.05,604,2.05,739
2.1,623,2.1,572,2.1,603,2.1,750
2.15,623,2.15,570,2.15,606,2.15,750
2.2,608,2.2,570,2.2,606,2.2,769
2.25,612,2.25,570,2.25,603,2.25,771
2.3,612,2.3,570,2.3,603,2.3,778
2.35,604,2.35,569,2.35,605,2.35,778
2.4,604,2.4,567,2.4,607,2.4,775
2.45,602,2.45,567,2.45,607,2.45,775
2.5,602,2.5,565,2.5,605,2.5,750
2.55,603,2.55,565,2.55,605,2.55,752
2.6,596,2.6,567,2.6,605,2.6,728
2.65,594,2.65,565,2.65,605,2.65,732
2.7,594,2.7,565,2.7,600,2.7,717
2.75,595,2.75,566,2.75,601,2.75,717
2.8,583,2.8,566,2.8,594,2.8,727
2.85,584,2.85,565,2.85,594,2.85,727
2.9,584,2.9,565,2.9,589,2.9,708
2.95,579,2.95,563,2.95,589,2.95,704
3,579,3,564,3,595,3,704
3.05,575,3.05,564,3.05,589,3.05,701
3.1,566,3.1,562,3.1,589,3.1,701
3.15,566,3.15,562,3.15,586,3.15,671
3.2,568,3.2,562,3.2,586,3.2,659
3.25,568,3.25,562,3.25,582,3.25,642
3.3,564,3.3,562,3.3,584,3.3,642
3.35,564,3.35,559,3.35,581,3.35,631
3.4,562,3.4,559,3.4,579,3.4,631
3.45,555,3.45,562,3.45,575,3.45,613
3.5,556,3.5,562,3.5,575,3.5,613
3.55,556,3.55,561,3.55,577,3.55,593
3.6,556,3.6,561,3.6,577,3.6,598
3.65,550,3.65,561,3.65,585,3.65,584
3.7,548,3.7,562,3.7,587,3.7,584
3.75,548,3.75,562,3.75,586,3.75,584
3.8,541,3.8,558,3.8,596,3.8,584
3.85,541,3.85,560,3.85,596,3.85,617
3.9,541,3.9,560,3.9,587,3.9,617
3.95,536,3.95,560,3.95,589,3.95,613
4,536,4,559,4,593,4,659
4.05,533,4.05,558,4.05,593,4.05,659
4.1,533,4.1,558,4.1,589,4.1,656
4.15,531,4.15,558,4.15,589,4.15,658
4.2,531,4.2,558,4.2,593,4.2,651
4.25,531,4.25,558,4.25,593,4.25,679
4.3,540,4.3,557,4.3,590,4.3,693
4.35,544,4.35,557,4.35,600,4.35,693
4.4,544,4.4,562,4.4,592,4.4,703
4.45,542,4.45,560,4.45,601,4.45,703
4.5,542,4.5,555,4.5,605,4.5,680
4.55,536,4.55,558,4.55,605,4.55,693
4.6,536,4.6,558,4.6,601,4.6,660
4.65,526,4.65,556,4.65,609,4.65,665
4.7,526,4.7,551,4.7,609,4.7,645
4.75,518,4.75,551,4.75,618,4.75,645
4.8,528,4.8,550,4.8,618,4.8,657
4.85,528,4.85,550,4.85,613,4.85,657
4.9,526,4.9,552,4.9,613,4.9,647
4.95,526,4.95,552,4.95,612,4.95,657
5,519,5,549,5,615,5,644
5.05,519,5.05,551,5.05,612,5.05,657
5.1,502,5.1,551,5.1,612,5.1,657
5.15,508,5.15,548,5.15,618,5.15,646
5.2,501,5.2,548,5.2,618,5.2,659
5.25,501,5.25,546,5.25,616,5.25,668
5.3,498,5.3,547,5.3,616,5.3,668
5.35,498,5.35,547,5.35,612,5.35,675
5.4,494,5.4,543,5.4,613,5.4,675
5.45,494,5.45,543,5.45,613,5.45,673
5.5,489,5.5,545,5.5,613,5.5,673
5.55,489,5.55,545,5.55,613,5.55,655
5.6,491,5.6,545,5.6,613,5.6,663
5.65,482,5.65,545,5.65,612,5.65,638
5.7,485,5.7,545,5.7,609,5.7,638
5.75,486,5.75,540,5.75,609,5.75,637
5.8,486,5.8,540,5.8,606,5.8,637
5.85,485,5.85,541,5.85,606,5.85,640
5.9,485,5.9,538,5.9,604,5.9,640
5.95,482,5.95,538,5.95,604,5.95,638
6,480,6,537,6,602,6,626
6.05,479,6.05,537,6.05,602,6.05,639
6.1,479,6.1,536,6.1,602,6.1,639
6.15,482,6.15,535,6.15,602,6.15,616
6.2,482,6.2,535,6.2,603,6.2,622
6.25,480,6.25,535,6.25,603,6.25,606
6.3,480,6.3,535,6.3,604,6.3,611
6.35,480,6.35,536,6.35,601,6.35,611
6.4,480,6.4,536,6.4,601,6.4,600
6.45,476,6.45,532,6.45,602,6.45,600
6.5,480,6.5,532,6.5,602,6.5,608
6.55,475,6.55,532,6.55,607,6.55,595
6.6,470,6.6,533,6.6,603,6.6,601
6.65,477,6.65,533,6.65,605,6.65,588
6.7,471,6.7,533,6.7,606,6.7,579
6.75,471,6.75,531,6.75,610,6.75,579
6.8,470,6.8,531,6.8,610,6.8,570
6.85,465,6.85,527,6.85,610,6.85,570
6.9,468,6.9,527,6.9,610,6.9,568
6.95,468,6.95,531,6.95,611,6.95,568
7,468,7,531,7,611,7,569
7.05,468,7.05,530,7.05,611,7.05,571
7.1,468,7.1,530,7.1,616,7.1,578
7.15,468,7.15,530,7.15,616,7.15,578
7.2,470,7.2,526,7.2,618,7.2,580
7.25,470,7.25,526,7.25,618,7.25,582
7.3,470,7.3,527,7.3,622,7.3,578
7.35,467,7.35,527,7.35,621,7.35,579
7.4,467,7.4,527,7.4,625,7.4,579
7.45,466,7.45,528,7.45,625,7.45,582
7.5,462,7.5,528,7.5,635,7.5,582
7.55,464,7.55,531,7.55,635,7.55,585
7.6,464,7.6,531,7.6,631,7.6,587
7.65,459,7.65,536,7.65,638,7.65,586
7.7,457,7.7,534,7.7,638,7.7,586
7.75,457,7.75,534,7.75,621,7.75,587
7.8,457,7.8,531,7.8,620,7.8,587
7.85,456,7.85,531,7.85,620,7.85,590
7.9,456,7.9,530,7.9,616,7.9,590
7.95,453,7.95,530,7.95,611,7.95,599
8,453,8,530,8,611,8,600
8.05,452,8.05,530,8.05,594,8.05,606
8.1,452,8.1,530,8.1,594,8.1,607
8.15,455,8.15,529,8.15,589,8.15,622
8.2,454,8.2,531,8.2,589,8.2,622
8.25,454,8.25,531,8.25,586,8.25,613
8.3,454,8.3,532,8.3,582,8.3,629
8.35,454,8.35,532,8.35,579,8.35,629
8.4,457,8.4,534,8.4,578,8.4,625
8.45,457,8.45,531,8.45,579,8.45,625
8.5,460,8.5,531,8.5,579,8.5,627
8.55,458,8.55,533,8.55,576,8.55,627
8.6,462,8.6,533,8.6,576,8.6,630
8.65,462,8.65,536,8.65,574,8.65,616
8.7,461,8.7,536,8.7,577,8.7,619
8.75,461,8.75,534,8.75,577,8.75,619
8.8,459,8.8,534,8.8,575,8.8,616
8.85,451,8.85,534,8.85,575,8.85,616
8.9,452,8.9,536,8.9,571,8.9,612
8.95,452,8.95,538,8.95,572,8.95,612
9,451,9,537,9,572,9,620
9.05,449,9.05,537,9.05,572,9.05,616
9.1,449,9.1,536,9.1,571,9.1,616
9.15,449,9.15,538,9.15,571,9.15,616
9.2,453,9.2,538,9.2,575,9.2,608
9.25,460,9.25,538,9.25,575,9.25,608
9.3,460,9.3,538,9.3,573,9.3,608
9.35,457,9.35,537,9.35,571,9.35,611
9.4,454,9.4,540,9.4,569,9.4,611
9.45,456,9.45,540,9.45,570,9.45,613
9.5,456,9.5,542,9.5,570,9.5,613
9.55,457,9.55,542,9.55,570,9.55,613
9.6,457,9.6,540,9.6,570,9.6,615
9.65,457,9.65,540,9.65,575,9.65,619
9.7,461,9.7,542,9.7,575,9.7,616
9.75,462,9.75,542,9.75,576,9.75,616
9.8,462,9.8,542,9.8,576,9.8,616
9.85,465,9.85,542,9.85,577,9.85,617
9.9,467,9.9,541,9.9,577,9.9,617
9.95,468,9.95,543,9.95,578,9.95,621
10,468,10,544,10,574,10,622
10.05,479,10.05,544,10.05,574,10.05,621
10.1,489,10.1,544,10.1,574,10.1,620
10.15,489,10.15,544,10.15,575,10.15,620
10.2,498,10.2,547,10.2,575,10.2,620
10.25,501,10.25,545,10.25,577,10.25,619
10.3,515,10.3,545,10.3,577,10.3,619
10.35,515,10.35,548,10.35,577,10.35,619
10.4,534,10.4,547,10.4,579,10.4,632
10.45,534,10.45,546,10.45,579,10.45,632
10.5,559,10.5,546,10.5,579,10.5,634
10.55,559,10.55,547,10.55,583,10.55,634
10.6,576,10.6,547,10.6,583,10.6,637
10.65,576,10.65,547,10.65,586,10.65,634
10.7,594,10.7,548,10.7,583,10.7,638
10.75,577,10.75,548,10.75,583,10.75,638
10.8,595,10.8,548,10.8,584,10.8,640
10.85,595,10.85,547,10.85,584,10.85,640
10.9,608,10.9,546,10.9,586,10.9,647
10.95,608,10.95,547,10.95,586,10.95,647
11,622,11,547,11,587,11,653
11.05,624,11.05,550,11.05,594,11.05,660
11.1,623,11.1,550,11.1,599,11.1,673
11.15,620,11.15,549,11.15,599,11.15,673
11.2,620,11.2,549,11.2,588,11.2,690
11.25,617,11.25,549,11.25,591,11.25,690
11.3,617,11.3,551,11.3,590,11.3,735
11.35,607,11.35,551,11.35,592,11.35,735
11.4,586,11.4,552,11.4,592,11.4,735
11.45,583,11.45,552,11.45,594,11.45,780
11.5,583,11.5,552,11.5,594,11.5,780
11.55,591,11.55,553,11.55,596,11.55,784
11.6,566,11.6,553,11.6,597,11.6,817
11.65,568,11.65,553,11.65,602,11.65,810
11.7,568,11.7,553,11.7,599,11.7,839
11.75,530,11.75,554,11.75,605,11.75,827
11.8,530,11.8,555,11.8,605,11.8,827
11.85,523,11.85,555,11.85,605,11.85,850
11.9,555,11.9,555,11.9,605,11.9,850
11.95,555,11.95,555,11.95,610,11.95,830
12,574,12,556,12,607,12,858
12.05,574,12.05,555,12.05,607,12.05,832
12.1,596,12.1,555,12.1,615,12.1,859
12.15,596,12.15,554,12.15,615,12.15,838
12.2,614,12.2,554,12.2,621,12.2,838
12.25,605,12.25,553,12.25,621,12.25,860
12.3,612,12.3,553,12.3,624,12.3,860
12.35,612,12.35,553,12.35,621,12.35,831
12.4,609,12.4,551,12.4,633,12.4,854
12.45,588,12.45,551,12.45,633,12.45,854
12.5,573,12.5,551,12.5,632,12.5,865
12.55,573,12.55,551,12.55,632,12.55,865
12.6,542,12.6,552,12.6,636,12.6,830
12.65,542,12.65,550,12.65,630,12.65,851
12.7,532,12.7,550,12.7,639,12.7,825
12.75,524,12.75,550,12.75,630,12.75,825
12.8,526,12.8,550,12.8,630,12.8,806
12.85,532,12.85,550,12.85,634,12.85,806
12.9,532,12.9,549,12.9,628,12.9,775
12.95,530,12.95,549,12.95,632,12.95,775
13,530,13,552,13,632,13,767
13.05,533,13.05,552,13.05,628,13.05,767
13.1,561,13.1,553,13.1,628,13.1,757
13.15,559,13.15,553,13.15,625,13.15,757
13.2,559,13.2,551,13.2,625,13.2,749
13.25,578,13.25,548,13.25,626,13.25,749
13.3,585,13.3,548,13.3,621,13.3,744
13.35,600,13.35,547,13.35,624,13.35,744
13.4,600,13.4,547,13.4,624,13.4,739
13.45,620,13.45,549,13.45,620,13.45,734
13.5,620,13.5,546,13.5,620,13.5,734
13.55,636,13.55,546,13.55,620,13.55,730
13.6,651,13.6,548,13.6,620,13.6,724
13.65,659,13.65,548,13.65,620,13.65,722
13.7,660,13.7,546,13.7,616,13.7,719
13.75,660,13.75,546,13.75,616,13.75,713
13.8,666,13.8,546,13.8,610,13.8,713
13.85,666,13.85,545,13.85,610,13.85,707
13.9,674,13.9,545,13.9,605,13.9,707
13.95,669,13.95,543,13.95,607,13.95,700
14,674,14,543,14,604,14,694
14.05,674,14.05,544,14.05,604,14.05,703
14.1,673,14.1,541,14.1,603,14.1,713
14.15,673,14.15,541,14.15,603,14.15,723
14.2,669,14.2,542,14.2,594,14.2,723
14.25,669,14.25,542,14.25,594,14.25,720
14.3,663,14.3,541,14.3,594,14.3,720
14.35,663,14.35,543,14.35,596,14.35,726
14.4,667,14.4,539,14.4,592,14.4,723
14.45,662,14.45,540,14.45,592,14.45,723
14.5,661,14.5,540,14.5,587,14.5,731
14.55,661,14.55,539,14.55,586,14.55,731
14.6,654,14.6,539,14.6,585,14.6,736
14.65,642,14.65,538,14.65,583,14.65,743
14.7,642,14.7,537,14.7,583,14.7,736
14.75,644,14.75,537,14.75,579,14.75,736
14.8,634,14.8,537,14.8,579,14.8,747
14.85,636,14.85,537,14.85,571,14.85,747
14.9,636,14.9,537,14.9,573,14.9,766
14.95,621,14.95,536,14.95,575,14.95,766
15,621,15,536,15,576,15,772
15.05,625,15.05,538,15.05,572,15.05,784
15.1,625,15.1,538,15.1,572,15.1,795
15.15,629,15.15,537,15.15,573,15.15,795
15.2,629,15.2,537,15.2,573,15.2,805
15.25,631,15.25,539,15.25,569,15.25,805
15.3,627,15.3,539,15.3,569,15.3,798
15.35,630,15.35,536,15.35,569,15.35,798
15.4,630,15.4,537,15.4,568,15.4,778
15.45,626,15.45,537,15.45,568,15.45,764
15.5,617,15.5,541,15.5,566,15.5,764
15.55,617,15.55,538,15.55,568,15.55,751
15.6,616,15.6,538,15.6,568,15.6,741
15.65,611,15.65,538,15.65,564,15.65,736
15.7,610,15.7,538,15.7,563,15.7,731
15.75,610,15.75,537,15.75,563,15.75,731
15.8,605,15.8,536,15.8,559,15.8,731
15.85,605,15.85,536,15.85,559,15.85,724
15.9,604,15.9,537,15.9,564,15.9,724
15.95,604,15.95,537,15.95,567,15.95,725
16,599,16,539,16,564,16,719
16.05,599,16.05,539,16.05,563,16.05,722
16.1,594,16.1,537,16.1,562,16.1,717
16.15,580,16.15,539,16.15,562,16.15,721
16.2,572,16.2,539,16.2,561,16.2,721
16.25,572,16.25,537,16.25,563,16.25,716
16.3,593,16.3,537,16.3,563,16.3,716
16.35,593,16.35,535,16.35,561,16.35,713
16.4,599,16.4,535,16.4,561,16.4,728
16.45,605,16.45,539,16.45,562,16.45,727
16.5,620,16.5,535,16.5,562,16.5,739
16.55,623,16.55,535,16.55,561,16.55,739
16.6,623,16.6,538,16.6,563,16.6,727
16.65,624,16.65,538,16.65,564,16.65,729
16.7,624,16.7,538,16.7,564,16.7,717
16.75,625,16.75,538,16.75,563,16.75,717
16.8,625,16.8,535,16.8,563,16.8,701
16.85,623,16.85,538,16.85,565,16.85,701
16.9,623,16.9,538,16.9,565,16.9,684
16.95,626,16.95,535,16.95,564,16.95,684
17,624,17,538,17,566,17,681
17.05,628,17.05,538,17.05,566,17.05,673
17.1,628,17.1,540,17.1,568,17.1,674
17.15,616,17.15,540,17.15,568,17.15,674
17.2,616,17.2,540,17.2,569,17.2,673
17.25,607,17.25,540,17.25,567,17.25,673
17.3,596,17.3,543,17.3,570,17.3,673
17.35,591,17.35,542,17.35,570,17.35,673
17.4,582,17.4,542,17.39688966,569,17.4,677
17.45,582,17.45,539,,,17.45,672
17.5,571,17.5,539,,,17.5,672
17.55,571,17.55,538,,,17.55,672
17.6,563,17.6,540,,,17.6,667
17.65,564,17.65,540,,,17.65,663
17.7,560,17.7,536,,,17.7,661
17.75,560,17.75,536,,,17.75,657
17.8,561,17.8,541,,,17.8,657
17.85,556,17.85,541,,,17.85,654
17.9,562,17.9,539,,,17.9,654
17.95,562,17.95,540,,,17.95,663
18,565,18,540,,,18,651
18.05,565,18.05,537,,,18.05,652
18.1,568,18.1,537,,,18.1,649
18.15,568,18.15,537,,,18.15,651
18.2,591,18.2,536,,,18.2,651
18.25,597,18.25,536,,,18.25,657
18.3,597,18.3,539,,,18.3,657
18.35,605,18.35,539,,,18.35,661
18.4,605,18.4,542,,,18.4,661
18.45,609,18.45,542,,,18.45,659
18.5,608,18.5,540,,,18.5,660
18.55,609,18.55,540,,,18.55,660
18.6,609,18.6,540,,,18.6,656
18.65,603,18.65,540,,,18.65,652
18.7,594,18.7,540,,,18.7,653
18.75,583,18.75,545,,,18.75,645
18.8,583,18.8,545,,,18.8,648
18.85,569,18.85,545,,,18.85,648
18.9,569,18.9,541,,,18.9,653
18.95,558,18.95,541,,,18.95,653
19,558,19,538,,,19,653
19.05,553,19.05,538,,,19.05,655
19.1,552,19.1,538,,,19.1,661
19.15,552,19.15,539,,,19.15,664
19.2,554,19.2,539,,,19.2,659
19.25,554,19.25,538,,,19.25,659
19.3,553,19.3,538,,,19.3,650
19.35,546,19.35,538,,,19.35,650
19.4,544,19.4,538,,,19.4,642
19.45,544,19.45,538,,,19.45,642
19.5,544,19.5,539,,,19.5,635
19.55,544,19.55,539,,,19.55,633
19.6,551,19.6,538,,,19.6,633
19.65,551,19.65,538,,,19.65,631
19.7,548,19.7,538,,,19.7,633
19.75,548,19.75,538,,,19.75,639
19.8,548,19.8,538,,,19.8,639
19.85,543,19.85,539,,,19.85,646
19.9,543,19.9,539,,,19.9,646
19.95,543,19.95,542,,,19.95,647
20,538,20,542,,,20,647
20.05,534,20.05,542,,,20.05,649
20.1,534,20.1,540,,,20.1,651
20.15,527,20.15,540,,,20.15,648
20.2,533,20.2,541,,,20.2,648
20.25,525,20.25,543,,,20.25,650
20.3,525,20.3,543,,,20.3,650
20.35,521,20.35,541,,,20.35,651
20.4,524,20.4,541,,,20.4,651
20.45,515,20.45,539,,,20.45,650
20.5,515,20.5,539,,,20.5,657
20.55,512,20.55,539,,,20.55,657
20.6,512,20.6,543,,,20.6,654
20.65,510,20.65,543,,,20.65,662
20.7,506,20.7,543,,,20.7,658
20.75,503,20.75,543,,,20.75,657
20.8,503,20.8,543,,,20.8,651
20.85,500,20.85,546,,,20.85,651
20.9,499,20.9,546,,,20.9,641
20.95,499,20.95,543,,,20.95,641
21,501,21,543,,,21,636
21.05,499,21.05,543,,,21.05,641
21.1,496,21.1,543,,,21.1,641
21.15,496,21.15,543,,,21.15,638
21.2,495,21.2,543,,,21.2,632
21.25,495,21.25,543,,,21.25,632
21.3,495,21.3,542,,,21.3,619
21.35,495,21.35,542,,,21.35,619
21.4,498,21.4,542,,,21.4,627
21.45,498,21.45,541,,,21.45,628
21.5,498,21.5,541,,,21.5,628
21.55,501,21.55,541,,,21.55,622
21.6,503,21.6,541,,,21.6,622
21.65,503,21.65,544,,,21.65,619
21.7,501,21.7,546,,,21.7,621
21.75,504,21.75,546,,,21.75,621
21.8,506,21.8,543,,,21.8,621
21.85,511,21.85,543,,,21.85,624
21.9,514,21.9,542,,,21.9,624
21.95,520,21.95,542,,,21.95,629
22,520,22,542,,,22,629
22.05,527,22.05,545,,,22.05,634
22.1,527,22.1,545,,,22.1,625
22.15,523,22.15,544,,,22.15,632
22.2,523,22.2,542,,,22.2,632
22.25,527,22.25,544,,,22.25,634
22.3,527,22.3,545,,,22.3,634
22.35,526,22.35,545,,,22.35,639
22.4,533,22.4,543,,,22.4,639
22.45,537,22.45,543,,,22.45,647
22.5,537,22.5,545,,,22.5,645
22.55,538,22.55,545,,,22.55,645
22.6,544,22.6,546,,,22.6,650
22.65,549,22.65,551,,,22.65,648
22.7,549,22.7,549,,,22.7,652
22.75,564,22.75,551,,,22.75,647
22.8,570,22.8,551,,,22.8,649
22.85,570,22.85,548,,,22.85,649
22.9,564,22.9,544,,,22.9,649
22.95,564,22.95,544,,,22.95,649
23,565,23,543,,,23,654
23.05,565,23.05,543,,,23.05,655
23.1,576,23.1,544,,,23.1,660
23.15,576,23.15,544,,,23.15,658
23.2,571,23.2,544,,,23.2,654
23.25,581,23.25,544,,,23.25,654
23.3,572,23.3,544,,,23.3,651
23.35,572,23.35,545,,,23.35,651
23.4,566,23.4,545,,,23.4,655
23.45,566,23.45,544,,,23.45,651
23.5,558,23.5,545,,,23.5,651
23.55,558,23.55,545,,,23.55,653
23.6,548,23.6,545,,,23.6,653
23.65,540,23.65,545,,,23.65,657
23.7,540,23.7,545,,,23.7,660
23.75,536,23.75,545,,,23.75,666
23.8,536,23.8,546,,,23.8,666
23.85,544,23.85,543,,,23.85,682
23.9,544,23.9,543,,,23.9,682
23.95,541,23.95,546,,,23.95,703
24,541,24,546,,,24,703
24.05,545,24.05,546,,,24.05,723
24.1,544,24.1,546,,,24.1,716
24.15,548,24.15,543,,,24.15,737
24.2,548,24.2,544,,,24.2,737
24.25,555,24.25,544,,,24.25,742
24.3,555,24.3,544,,,24.3,742
24.35,557,24.35,542,,,24.35,768
24.4,557,24.4,542,,,24.4,768
24.45,555,24.45,545,,,24.45,791
24.5,555,24.5,545,,,24.5,806
24.55,565,24.55,545,,,24.55,806
24.6,563,24.6,545,,,24.6,814
24.65,563,24.65,543,,,24.65,805
24.7,565,24.7,545,,,24.7,800
24.75,559,24.75,545,,,24.75,784
24.8,558,24.8,542,,,24.8,795
24.85,558,24.85,542,,,24.85,795
24.9,558,24.9,544,,,24.9,800
24.95,552,24.95,545,,,24.95,800
25,567,25,545,,,25,820
25.05,567,25.05,546,,,25.05,818
25.1,551,25.1,546,,,25.1,824
25.15,551,25.15,546,,,25.15,815
25.2,537,25.2,546,,,25.2,824
25.25,537,25.25,546,,,25.25,824
25.3,537,25.3,544,,,25.3,826
25.35,537,25.35,544,,,25.35,826
25.4,542,25.4,545,,,25.4,819
25.45,543,25.45,545,,,25.45,819
25.5,547,25.5,543,,,25.5,818
25.55,547,25.55,542,,,25.55,812
25.6,547,25.6,542,,,25.6,812
25.65,553,25.65,543,,,25.65,820
25.7,553,25.7,543,,,25.7,812
25.75,555,25.75,542,,,25.75,828
25.8,555,25.8,542,,,25.8,823
25.85,560,25.85,543,,,25.85,830
25.9,560,25.9,543,,,25.9,830
25.95,563,25.95,543,,,25.95,833
26,563,26,543,,,26,833
26.05,568,26.05,543,,,26.05,854
26.1,565,26.1,546,,,26.1,865
26.15,570,26.15,546,,,26.15,884
26.2,570,26.2,546,,,26.2,890
26.25,574,26.25,546,,,26.25,910
26.3,572,26.3,546,,,26.3,910
26.35,575,26.35,544,,,26.35,923
26.4,578,26.4,545,,,26.4,923
26.45,578,26.45,545,,,26.45,916
26.5,582,26.5,545,,,26.5,901
26.55,582,26.55,545,,,26.55,901
26.6,585,26.6,546,,,26.6,864
26.65,586,26.65,546,,,26.65,864
26.7,587,26.7,546,,,26.7,850
26.75,587,26.75,547,,,26.75,828
26.8,588,26.8,547,,,26.8,822
26.85,588,26.85,547,,,26.85,822
26.9,592,26.9,547,,,26.9,799
26.95,593,26.95,548,,,26.95,799
27,594,27,548,,,27,793
27.05,594,27.05,548,,,27.05,793
27.1,598,27.1,549,,,27.1,805
27.15,599,27.15,549,,,27.15,813
27.2,601,27.2,547,,,27.2,833
27.25,601,27.25,547,,,27.25,833
27.3,599,27.3,549,,,27.3,878
27.35,603,27.35,546,,,27.35,878
27.4,603,27.4,546,,,27.4,920
27.45,606,27.45,546,,,27.45,920
27.5,604,27.5,546,,,27.5,920
27.55,601,27.55,547,,,27.55,902
27.6,601,27.6,548,,,27.6,902
27.65,606,27.65,548,,,27.65,928
27.7,606,27.7,548,,,27.7,966
27.75,607,27.75,548,,,27.75,982
27.8,606,27.8,549,,,27.8,1011
27.85,608,27.85,549,,,27.85,1024
27.9,608,27.9,549,,,27.9,1024
27.95,604,27.95,547,,,27.95,1052
28,599,28,547,,,28,1052
28.05,592,28.05,547,,,28.05,1078
28.1,592,28.1,545,,,28.1,1093
28.15,593,28.15,548,,,28.15,1103
28.2,593,28.2,545,,,28.2,1110
28.25,590,28.25,545,,,28.25,1105
28.3,585,28.3,546,,,28.3,1105
28.35,585,28.35,546,,,28.35,1061
28.4,590,28.4,550,,,28.4,1061
28.45,590,28.45,550,,,28.45,1050
28.5,593,28.5,546,,,28.5,1025
28.55,593,28.55,546,,,28.55,1025
28.6,600,28.6,546,,,28.6,1015
28.65,598,28.65,548,,,28.65,1015
28.7,607,28.7,548,,,28.7,1036
28.75,607,28.75,546,,,28.75,1024
28.8,614,28.8,547,,,28.8,1049
28.85,604,28.85,547,,,28.85,1049
28.9,608,28.9,547,,,28.9,1058
28.95,608,28.95,547,,,28.95,1058
29,605,29,546,,,29,1052
29.05,605,29.05,546,,,29.05,1052
29.1,604,29.1,546,,,29.1,1044
29.15,612,29.15,546,,,29.15,1012
29.2,612,29.2,546,,,29.2,1011
29.25,610,29.25,548,,,29.25,1011
29.3,610,29.3,548,,,29.3,996
29.35,617,29.35,546,,,29.35,996
29.4,617,29.4,546,,,29.4,963
29.45,619,29.45,546,,,29.45,963
29.5,618,29.5,549,,,29.5,963
29.55,617,29.55,549,,,29.55,905
29.6,617,29.6,550,,,29.6,905
29.65,616,29.65,549,,,29.65,871
29.7,616,29.7,549,,,29.7,851
29.75,616,29.75,548,,,29.75,811
29.8,616,29.8,548,,,29.8,802
29.85,615,29.85,550,,,29.85,779
29.9,615,29.9,550,,,29.9,779
29.95,614,29.95,549,,,29.95,792
30,613,30,548,,,30,792
30.05,612,30.05,548,,,30.05,818
30.1,612,30.1,547,,,30.1,845
30.15,612,30.15,547,,,30.15,867
30.2,608,30.2,546,,,30.2,903
30.25,608,30.25,546,,,30.25,928
30.3,608,30.3,546,,,30.3,928
30.35,606,30.35,549,,,30.35,949
30.4,607,30.4,549,,,30.4,949
30.45,607,30.45,547,,,30.45,949
30.5,604,30.5,547,,,30.5,896
30.55,604,30.55,543,,,30.55,896
30.6,603,30.6,544,,,30.6,845
30.65,603,30.65,544,,,30.65,845
30.7,604,30.7,545,,,30.7,819
30.75,604,30.75,545,,,30.75,856
30.8,607,30.8,548,,,30.8,838
30.85,603,30.85,551,,,30.85,838
30.9,603,30.9,551,,,30.9,831
30.95,603,30.95,548,,,30.95,831
31,600,31,548,,,31,779
31.05,599,31.05,548,,,31.05,779
31.1,599,31.1,548,,,31.1,762
31.15,600,31.15,549,,,31.15,731
31.2,597,31.2,546,,,31.2,739
31.25,596,31.25,546,,,31.25,739
31.3,596,31.3,551,,,31.3,710
31.35,595,31.35,551,,,31.35,710
31.4,595,31.4,547,,,31.4,681
31.45,595,31.45,549,,,31.45,681
31.5,595,31.5,550,,,31.5,681
31.55,592,31.55,549,,,31.55,656
31.6,592,31.6,549,,,31.6,656
31.65,592,31.65,549,,,31.65,654
31.7,589,31.7,550,,,31.7,654
31.75,588,31.75,550,,,31.75,633
31.8,588,31.8,551,,,31.8,627
31.85,583,31.85,551,,,31.85,598
31.9,583,31.9,550,,,31.9,598
31.95,578,31.95,550,,,31.95,621
32,578,32,551,,,32,621
32.05,573,32.05,551,,,32.05,626
32.1,572,32.1,551,,,32.1,626
32.15,572,32.15,551,,,32.15,629
32.2,569,32.2,551,,,32.2,595
32.25,569,32.25,549,,,32.25,632
32.3,565,32.3,553,,,32.3,632
32.35,559,32.35,553,,,32.35,641
32.4,560,32.4,552,,,32.4,641
32.45,560,32.45,552,,,32.45,627
32.5,557,32.5,554,,,32.5,618
32.55,556,32.55,554,,,32.55,618
32.6,550,32.6,553,,,32.6,651
32.65,550,32.65,555,,,32.65,651
32.7,548,32.7,555,,,32.7,680
32.75,548,32.75,553,,,32.75,682
32.8,546,32.8,553,,,32.8,696
32.85,547,32.85,552,,,32.85,697
32.9,546,32.9,554,,,32.9,706
32.95,550,32.95,556,,,32.95,706
33,550,33,554,,,33,686
33.05,551,33.05,554,,,33.05,686
33.1,551,33.1,554,,,33.1,694
33.15,556,33.15,554,,,33.15,682
33.2,553,33.2,553,,,33.2,685
33.25,560,33.25,555,,,33.25,671
33.3,560,33.3,555,,,33.3,688
33.35,567,33.35,553,,,33.35,688
33.4,567,33.4,553,,,33.4,702
33.45,572,33.45,549,,,33.45,706
33.5,572,33.5,552,,,33.5,706
33.55,580,33.55,552,,,33.55,732
33.6,580,33.6,553,,,33.6,732
33.65,588,33.65,553,,,33.65,735
33.7,586,33.7,550,,,33.7,735
33.75,585,33.75,550,,,33.75,737
33.8,571,33.8,550,,,33.8,735
33.85,571,33.85,550,,,33.85,742
33.9,549,33.9,550,,,33.9,742
33.95,549,33.95,548,,,33.95,747
34,546,34,548,,,34,747
34.05,548,34.05,545,,,34.05,735
34.1,543,34.1,549,,,34.1,735
34.15,543,34.15,549,,,34.15,741
34.2,537,34.2,548,,,34.2,734
34.25,534,34.25,548,,,34.25,742
34.3,537,34.3,549,,,34.3,742
34.35,537,34.35,548,,,34.35,775
34.4,528,34.4,548,,,34.4,752
34.45,528,34.45,549,,,34.45,771
34.5,525,34.5,549,,,34.5,756
34.55,521,34.55,551,,,34.55,756
34.6,525,34.6,551,,,34.6,750
34.65,525,34.65,547,,,34.65,750
34.7,535,34.7,548,,,34.7,748
34.75,534,34.75,548,,,34.75,757
34.8,534,34.8,545,,,34.8,757
34.85,537,34.85,545,,,34.85,787
34.9,537,34.9,547,,,34.9,796
34.95,539,34.95,548,,,34.95,796
35,539,35,548,,,35,823
35.05,552,35.05,548,,,35.05,823
35.1,552,35.1,548,,,35.1,812
35.15,551,35.15,548,,,35.15,817
35.2,551,35.2,548,,,35.2,802
35.25,557,35.25,550,,,35.25,801
35.3,557,35.3,548,,,35.3,801
35.35,562,35.35,548,,,35.35,816
35.4,564,35.4,546,,,35.4,850
35.45,559,35.45,546,,,35.45,854
35.5,559,35.5,548,,,35.5,854
35.55,560,35.55,549,,,35.55,864
35.6,561,35.6,549,,,35.6,864
35.65,563,35.65,548,,,35.65,908
35.7,568,35.7,548,,,35.7,908
35.75,564,35.75,548,,,35.75,946
35.8,568,35.8,548,,,35.8,958
35.85,568,35.85,549,,,35.85,981
35.9,571,35.9,548,,,35.9,981
35.95,571,35.95,548,,,35.95,1009
36,573,36,553,,,36,1009
36.05,573,36.05,553,,,36.05,991
36.1,573,36.1,550,,,36.1,991
36.15,573,36.15,550,,,36.15,970
36.2,577,36.2,550,,,36.2,945
36.25,574,36.25,550,,,36.25,929
36.3,575,36.3,550,,,36.3,929
36.35,575,36.35,548,,,36.35,918
36.4,577,36.4,546,,,36.4,908
36.45,577,36.45,548,,,36.45,897
36.5,579,36.5,547,,,36.5,911
36.55,579,36.55,547,,,36.55,911
36.6,576,36.6,550,,,36.6,929
36.65,578,36.65,550,,,36.65,929
36.7,578,36.7,549,,,36.7,932
36.75,572,36.75,548,,,36.75,932
36.8,572,36.8,548,,,36.8,917
36.85,572,36.85,546,,,36.85,897
36.9,572,36.9,546,,,36.9,874
36.95,567,36.95,548,,,36.95,874
37,567,37,548,,,37,859
37.05,568,37.05,546,,,37.05,859
37.1,564,37.1,547,,,37.1,865
37.15,565,37.15,547,,,37.15,865
37.2,565,37.2,547,,,37.2,885
37.25,564,37.25,547,,,37.25,884
37.3,564,37.3,548,,,37.3,884
37.35,572,37.35,546,,,37.35,872
37.4,572,37.4,546,,,37.4,871
37.45,584,37.45,542,,,37.45,858
37.5,584,37.5,542,,,37.5,860
37.55,576,37.55,545,,,37.55,842
37.6,568,37.6,545,,,37.6,842
37.65,568,37.65,545,,,37.65,822
37.7,564,37.7,548,,,37.7,822
37.75,560,37.75,548,,,37.75,812
37.8,556,37.8,547,,,37.8,804
37.85,556,37.85,547,,,37.85,802
37.9,557,37.9,548,,,37.9,792
37.95,557,37.95,549,,,37.95,787
38,556,38,549,,,38,787
38.05,556,38.05,548,,,38.05,780
38.1,555,38.1,548,,,38.1,780
38.15,555,38.15,549,,,38.15,779
38.2,556,38.2,550,,,38.2,773
38.25,556,38.25,550,,,38.25,773
38.3,558,38.3,552,,,38.3,775
38.35,558,38.35,550,,,38.35,775
38.4,556,38.4,551,,,38.4,776
38.45,554,38.45,551,,,38.45,772
38.5,555,38.5,551,,,38.5,780
38.55,558,38.55,549,,,38.55,780
38.6,558,38.6,549,,,38.6,803
38.65,557,38.65,549,,,38.65,803
38.7,557,38.7,549,,,38.7,824
38.75,562,38.75,552,,,38.75,824
38.8,561,38.8,551,,,38.8,846
38.85,561,38.85,551,,,38.85,855
38.9,561,38.9,551,,,38.9,881
38.95,569,38.95,551,,,38.95,881
39,569,39,552,,,39,949
39.05,578,39.05,552,,,39.05,949
39.1,578,39.1,550,,,39.1,1015
39.15,581,39.15,549,,,39.15,1015
39.2,581,39.2,549,,,39.2,1015
39.25,576,39.25,551,,,39.25,1070
39.3,572,39.3,550,,,39.3,1070
39.35,558,39.35,547,,,39.35,1069
39.4,558,39.4,547,,,39.4,1092
39.45,557,39.45,547,,,39.45,1092
39.5,564,39.5,547,,,39.5,1109
39.55,564,39.55,547,,,39.55,1097
39.6,565,39.6,549,,,39.6,1097
39.65,554,39.65,549,,,39.65,1107
39.7,548,39.7,547,,,39.7,1107
39.75,548,39.75,548,,,39.75,1108
39.8,543,39.8,547,,,39.8,1126
39.85,543,39.85,548,,,39.85,1115
39.9,538,39.9,548,,,39.9,1132
39.95,537,39.95,545,,,39.95,1157
40,533,40,548,,,40,1157
40.05,533,40.05,548,,,40.05,1235
40.1,534,40.1,544,,,40.1,1235
40.15,533,40.15,544,,,40.15,1235
40.2,535,40.2,546,,,40.2,1293
40.25,535,40.25,546,,,40.25,1293
40.3,534,40.3,545,,,40.3,1347
40.35,526,40.35,546,,,40.35,1347
40.4,526,40.4,546,,,40.4,1383
40.45,522,40.45,547,,,40.45,1404
40.5,522,40.5,547,,,40.5,1408
40.55,519,40.55,542,,,40.51112702,1408
40.6,519,40.6,542,,,,
40.65,514,40.65,542,,,,
40.7,514,40.7,543,,,,
40.75,514,40.75,542,,,,
40.8,513,40.8,539,,,,
40.85,512,40.85,541,,,,
40.9,512,40.9,541,,,,
40.95,510,40.95,541,,,,
41,512,41,541,,,,
41.05,515,41.05,544,,,,
41.1,515,41.1,544,,,,
41.15,511,41.15,541,,,,
41.2,511,41.2,541,,,,
41.25,513,41.25,544,,,,
41.3,519,41.3,542,,,,
41.35,519,41.35,542,,,,
41.4,525,41.4,543,,,,
41.45,525,41.45,541,,,,
41.5,527,41.5,541,,,,
41.55,527,41.55,541,,,,
41.6,536,41.6,541,,,,
41.65,532,41.65,540,,,,
41.7,537,41.7,540,,,,
41.75,537,41.75,542,,,,
41.8,539,41.8,540,,,,
41.85,539,41.85,540,,,,
41.9,543,41.9,539,,,,
41.95,543,41.95,539,,,,
42,542,42,541,,,,
42.05,542,42.05,541,,,,
42.1,538,42.1,541,,,,
42.15,538,42.15,543,,,,
42.2,535,42.2,543,,,,
42.25,531,42.25,541,,,,
42.3,531,42.3,541,,,,
42.35,537,42.35,541,,,,
42.4,537,42.4,538,,,,
42.45,538,42.45,538,,,,
42.5,537,42.5,542,,,,
42.55,534,42.55,542,,,,
42.6,534,42.6,543,,,,
42.65,531,42.65,542,,,,
42.7,531,42.7,540,,,,
42.75,528,42.75,544,,,,
42.8,528,42.8,544,,,,
42.85,526,42.85,544,,,,
42.9,526,42.9,551,,,,
42.95,522,42.95,551,,,,
43,522,43,548,,,,
43.05,518,43.05,548,,,,
43.1,518,43.1,546,,,,
43.15,514,43.15,546,,,,
43.2,514,43.2,545,,,,
43.25,514,43.25,545,,,,
43.3,510,43.3,545,,,,
43.35,515,43.35,544,,,,
43.4,514,43.4,544,,,,
43.45,514,43.45,545,,,,
43.5,514,43.5,547,,,,
43.55,514,43.55,547,,,,
43.6,505,43.6,547,,,,
43.65,499,43.65,547,,,,
43.7,497,43.7,547,,,,
43.75,497,43.75,547,,,,
43.8,495,43.8,545,,,,
43.85,495,43.85,546,,,,
43.9,497,43.9,546,,,,
43.95,497,43.95,546,,,,
44,494,44,546,,,,
44.05,494,44.05,547,,,,
44.1,497,44.1,547,,,,
44.15,502,44.15,547,,,,
44.2,500,44.2,545,,,,
44.25,499,44.25,545,,,,
44.3,499,44.3,547,,,,
44.35,499,44.35,547,,,,
44.4,499,44.4,546,,,,
44.45,499,44.45,548,,,,
44.5,495,44.5,548,,,,
44.55,495,44.55,544,,,,
44.6,495,44.6,544,,,,
44.65,491,44.65,545,,,,
44.7,488,44.7,546,,,,
44.75,488,44.75,546,,,,
44.8,488,44.8,544,,,,
44.85,494,44.85,544,,,,
44.9,494,44.9,548,,,,
44.95,499,44.95,548,,,,
45,510,45,546,,,,
45.05,507,45.05,546,,,,
45.1,503,45.1,546,,,,
45.15,503,45.15,548,,,,
45.2,507,45.2,548,,,,
45.25,507,45.25,548,,,,
45.3,510,45.3,548,,,,
45.35,514,45.35,548,,,,
45.4,518,45.4,546,,,,
45.45,518,45.45,546,,,,
45.5,517,45.5,541,,,,
45.55,526,45.55,541,,,,
45.6,528,45.6,540,,,,
45.65,528,45.65,542,,,,
45.7,529,45.7,542,,,,
45.75,529,45.75,546,,,,
45.8,531,45.8,546,,,,
45.85,530,45.85,543,,,,
45.9,529,45.9,542,,,,
45.95,529,45.95,542,,,,
46,527,46,546,,,,
46.05,526,46.05,546,,,,
46.1,525,46.1,544,,,,
46.15,523,46.15,549,,,,
46.2,525,46.2,549,,,,
46.25,527,46.25,548,,,,
46.3,527,46.3,548,,,,
46.35,525,46.35,550,,,,
46.4,525,46.4,550,,,,
46.45,523,46.45,547,,,,
46.5,523,46.5,550,,,,
46.55,524,46.55,550,,,,
46.6,524,46.6,551,,,,
46.65,520,46.65,551,,,,
46.7,524,46.7,546,,,,
46.75,527,46.75,546,,,,
46.8,527,46.8,546,,,,
46.85,530,46.85,544,,,,
46.9,532,46.9,544,,,,
46.95,534,46.95,545,,,,
47,534,47,545,,,,
47.05,538,47.05,544,,,,
47.1,540,47.1,540,,,,
47.15,540,47.15,540,,,,
47.2,540,47.2,543,,,,
47.25,540,47.25,543,,,,
47.3,544,47.3,541,,,,
47.35,544,47.35,543,,,,
47.4,548,47.4,543,,,,
47.45,548,47.45,542,,,,
47.5,553,47.5,542,,,,
47.55,548,47.55,540,,,,
47.6,552,47.6,541,,,,
47.65,552,47.65,540,,,,
47.7,553,47.7,538,,,,
47.75,553,47.75,538,,,,
47.8,557,47.8,538,,,,
47.85,557,47.85,538,,,,
47.9,561,47.9,537,,,,
47.95,561,47.95,537,,,,
48,567,48,537,,,,
48.05,570,48.05,535,,,,
48.1,570,48.1,535,,,,
48.15,556,48.15,535,,,,
48.2,556,48.2,535,,,,
48.25,547,48.25,537,,,,
48.3,547,48.3,535,,,,
48.35,541,48.35,535,,,,
48.4,541,48.4,535,,,,
48.45,537,48.45,535,,,,
48.5,537,48.5,533,,,,
48.55,533,48.55,530,,,,
48.6,533,48.6,530,,,,
48.65,529,48.65,531,,,,
48.7,529,48.7,531,,,,
48.75,525,48.75,532,,,,
48.8,525,48.8,532,,,,
48.85,525,48.85,531,,,,
48.9,523,48.9,529,,,,
48.95,525,48.95,529,,,,
49,526,49,526,,,,
49.05,523,49.05,528,,,,
49.1,526,49.1,527,,,,
49.15,526,49.15,528,,,,
49.2,536,49.2,528,,,,
49.25,521,49.25,526,,,,
49.3,526,49.3,526,,,,
49.35,526,49.35,525,,,,
49.4,515,49.4,529,,,,
49.45,515,49.45,529,,,,
49.5,518,49.5,527,,,,
49.55,512,49.55,527,,,,
49.6,515,49.6,527,,,,
49.65,515,49.65,527,,,,
49.7,519,49.7,524,,,,
49.75,526,49.75,524,,,,
49.8,536,49.8,524,,,,
49.85,536,49.85,523,,,,
49.9,548,49.9,523,,,,
49.95,546,49.95,524,,,,
50,546,50,525,,,,
50.05,543,50.05,525,,,,
50.1,544,50.1,523,,,,
50.15,550,50.15,523,,,,
50.2,550,50.2,521,,,,
50.25,547,50.25,521,,,,
50.3,547,50.3,521,,,,
50.35,541,50.35,519,,,,
50.4,545,50.4,519,,,,
50.45,543,50.45,517,,,,
50.5,543,50.5,519,,,,
50.55,533,50.55,519,,,,
50.6,538,50.6,519,,,,
50.65,532,50.65,519,,,,
50.7,532,50.7,520,,,,
50.75,514,50.75,520,,,,
50.8,514,50.8,519,,,,
50.85,502,50.85,519,,,,
50.9,495,50.9,517,,,,
50.95,495,50.95,515,,,,
51,499,51,515,,,,
51.05,499,51.05,516,,,,
51.1,505,51.1,516,,,,
51.15,505,51.15,517,,,,
51.2,516,51.2,516,,,,
51.25,505,51.25,516,,,,
51.3,509,51.3,515,,,,
51.35,509,51.35,515,,,,
51.4,499,51.4,515,,,,
51.45,484,51.45,513,,,,
51.5,475,51.5,515,,,,
51.55,475,51.55,511,,,,
51.6,467,51.6,511,,,,
51.65,467,51.65,512,,,,
51.7,462,51.7,512,,,,
51.75,461,51.75,513,,,,
51.8,462,51.8,511,,,,
51.85,454,51.85,511,,,,
51.9,454,51.9,511,,,,
51.95,451,51.95,511,,,,
52,451,52,510,,,,
52.05,447,52.05,510,,,,
52.1,445,52.1,512,,,,
52.15,447,52.15,512,,,,
52.2,447,52.2,512,,,,
52.25,447,52.25,511,,,,
52.3,447,52.3,511,,,,
52.35,444,52.35,513,,,,
52.4,444,52.4,513,,,,
52.45,444,52.45,514,,,,
52.5,444,52.5,513,,,,
52.55,448,52.55,513,,,,
52.6,448,52.6,513,,,,
52.65,469,52.65,513,,,,
52.7,469,52.7,513,,,,
52.75,469,52.75,514,,,,
52.8,467,52.8,514,,,,
52.85,467,52.85,510,,,,
52.9,469,52.9,511,,,,
52.95,463,52.95,512,,,,
53,465,53,514,,,,
53.05,465,53.05,514,,,,
53.1,472,53.1,514,,,,
53.15,472,53.15,514,,,,
53.2,480,53.2,513,,,,
53.25,480,53.25,514,,,,
53.3,490,53.3,514,,,,
53.35,490,53.35,510,,,,
53.4,509,53.4,511,,,,
53.45,514,53.45,512,,,,
53.5,533,53.5,512,,,,
53.55,533,53.55,512,,,,
53.6,539,53.6,509,,,,
53.65,539,53.65,509,,,,
53.7,519,53.7,510,,,,
53.75,519,53.75,510,,,,
53.8,526,53.8,511,,,,
53.85,525,53.85,507,,,,
53.9,525,53.9,506,,,,
53.95,507,53.95,508,,,,
54,507,54,508,,,,
54.05,505,54.05,508,,,,
54.1,499,54.1,508,,,,
54.15,502,54.15,508,,,,
54.2,502,54.2,509,,,,
54.25,508,54.25,509,,,,
54.3,494,54.3,510,,,,
54.35,497,54.35,510,,,,
54.4,497,54.4,508,,,,
54.45,498,54.45,506,,,,
54.5,498,54.5,506,,,,
54.55,505,54.55,507,,,,
54.6,529,54.6,507,,,,
54.65,532,54.65,505,,,,
54.7,532,54.7,505,,,,
54.75,533,54.75,506,,,,
54.8,548,54.8,508,,,,
54.85,548,54.85,510,,,,
54.9,549,54.9,509,,,,
54.95,546,54.95,509,,,,
55,548,55,507,,,,
55.05,548,55.05,508,,,,
55.1,547,55.1,508,,,,
55.15,544,55.15,509,,,,
55.2,543,55.2,509,,,,
55.25,543,55.25,508,,,,
55.3,544,55.3,508,,,,
55.35,544,55.35,505,,,,
55.4,544,55.4,507,,,,
55.45,538,55.45,507,,,,
55.5,540,55.5,506,,,,
55.55,540,55.55,506,,,,
55.6,540,55.6,507,,,,
55.65,536,55.65,508,,,,
55.7,533,55.7,508,,,,
55.75,529,55.75,507,,,,
55.8,531,55.8,507,,,,
55.85,520,55.85,509,,,,
55.9,520,55.9,506,,,,
55.95,509,55.95,506,,,,
56,509,56,509,,,,
56.05,508,56.05,509,,,,
56.1,508,56.1,508,,,,
56.15,522,56.15,508,,,,
56.2,522,56.2,509,,,,
56.25,526,56.25,506,,,,
56.3,528,56.3,509,,,,
56.35,530,56.35,510,,,,
56.4,530,56.4,510,,,,
56.45,526,56.45,507,,,,
56.5,521,56.5,510,,,,
56.55,515,56.55,510,,,,
56.6,515,56.6,510,,,,
56.65,501,56.65,510,,,,
56.7,511,56.7,513,,,,
56.75,511,56.75,513,,,,
56.8,514,56.8,514,,,,
56.85,514,56.85,513,,,,
56.9,502,56.9,513,,,,
56.95,502,56.95,512,,,,
57,493,57,512,,,,
57.05,493,57.05,514,,,,
57.1,494,57.1,513,,,,
57.15,511,57.15,513,,,,
57.2,506,57.2,515,,,,
57.25,506,57.25,515,,,,
57.3,513,57.3,514,,,,
57.35,513,57.35,514,,,,
57.4,500,57.4,515,,,,
57.45,500,57.45,515,,,,
57.5,488,57.5,515,,,,
57.55,488,57.55,515,,,,
57.6,499,57.6,515,,,,
57.65,503,57.65,516,,,,
57.7,504,57.7,518,,,,
57.75,499,57.75,517,,,,
57.8,479,57.8,518,,,,
57.85,474,57.85,518,,,,
57.9,474,57.9,517,,,,
57.95,478,57.95,517,,,,
58,499,58,516,,,,
58.05,498,58.05,520,,,,
58.1,498,58.1,520,,,,
58.15,503,58.15,518,,,,
58.2,503,58.2,518,,,,
58.25,505,58.25,517,,,,
58.3,505,58.3,519,,,,
58.35,511,58.35,519,,,,
58.4,511,58.4,520,,,,
58.45,500,58.45,520,,,,
58.5,496,58.5,518,,,,
58.55,491,58.55,518,,,,
58.6,491,58.6,518,,,,
58.65,470,58.65,519,,,,
58.7,462,58.7,521,,,,
58.75,462,58.75,521,,,,
58.8,459,58.8,521,,,,
58.85,458,58.85,515,,,,
58.9,460,58.9,519,,,,
58.95,460,58.95,519,,,,
59,478,59,520,,,,
59.05,478,59.05,520,,,,
59.1,483,59.1,518,,,,
59.15,486,59.15,518,,,,
59.2,489,59.2,518,,,,
59.25,489,59.25,520,,,,
59.3,488,59.3,520,,,,
59.35,485,59.35,519,,,,
59.4,481,59.4,519,,,,
59.45,481,59.45,520,,,,
59.5,471,59.5,521,,,,
59.55,471,59.55,521,,,,
59.6,475,59.6,521,,,,
59.65,464,59.65,521,,,,
59.7,464,59.7,519,,,,
59.75,478,59.75,522,,,,
59.8,478,59.8,522,,,,
59.85,456,59.85,519,,,,
59.9,456,59.9,519,,,,
59.95,449,59.95,520,,,,
60,455,60,520,,,,
60.05,456,60.05,518,,,,
60.1,456,60.1,520,,,,
60.15,461,60.15,519,,,,
60.2,476,60.2,520,,,,
60.25,467,60.25,520,,,,
60.3,467,60.3,523,,,,
60.35,478,60.35,522,,,,
60.4,478,60.4,522,,,,
60.45,477,60.45,521,,,,
60.5,483,60.5,521,,,,
60.55,482,60.55,522,,,,
60.6,482,60.6,522,,,,
60.65,477,60.65,523,,,,
60.7,478,60.7,525,,,,
60.75,478,60.75,525,,,,
60.8,473,60.8,523,,,,
60.85,475,60.85,523,,,,
60.9,466,60.9,524,,,,
60.95,466,60.95,524,,,,
61,438,61,524,,,,
61.05,438,61.05,522,,,,
61.1,434,61.1,522,,,,
61.15,434,61.15,523,,,,
61.2,440,61.2,523,,,,
61.25,440,61.25,520,,,,
61.3,457,61.3,523,,,,
61.35,460,61.35,523,,,,
61.4,468,61.4,522,,,,
61.45,468,61.45,522,,,,
61.5,465,61.5,521,,,,
61.55,465,61.55,520,,,,
61.6,466,61.6,519,,,,
61.65,466,61.65,519,,,,
61.7,472,61.7,519,,,,
61.75,465,61.75,520,,,,
61.8,465,61.8,520,,,,
61.85,463,61.85,518,,,,
61.9,463,61.9,518,,,,
61.95,453,61.95,518,,,,
62,453,62,517,,,,
62.05,452,62.05,517,,,,
62.1,452,62.1,517,,,,
62.15,451,62.15,518,,,,
62.2,452,62.2,518,,,,
62.25,453,62.25,514,,,,
62.3,453,62.3,514,,,,
62.35,449,62.35,516,,,,
62.4,449,62.4,516,,,,
62.45,453,62.45,514,,,,
62.5,453,62.5,514,,,,
62.55,451,62.55,514,,,,
62.6,451,62.6,510,,,,
62.65,441,62.65,510,,,,
62.7,431,62.7,510,,,,
62.75,431,62.75,510,,,,
62.8,429,62.8,510,,,,
62.85,425,62.85,512,,,,
62.9,423,62.9,512,,,,
62.95,423,62.95,507,,,,
63,419,63,507,,,,
63.05,419,63.05,509,,,,
63.1,418,63.1,506,,,,
63.15,418,63.15,506,,,,
63.2,425,63.2,508,,,,
63.25,425,63.25,508,,,,
63.3,418,63.3,508,,,,
63.35,424,63.35,510,,,,
63.4,416,63.4,510,,,,
63.45,416,63.45,510,,,,
63.5,414,63.5,510,,,,
63.55,416,63.55,506,,,,
63.6,414,63.6,507,,,,
63.65,414,63.65,507,,,,
63.7,417,63.7,509,,,,
63.75,419,63.75,509,,,,
63.8,419,63.8,507,,,,
63.85,427,63.85,507,,,,
63.9,439,63.9,505,,,,
63.95,435,63.95,507,,,,
64,435,64,507,,,,
64.05,440,64.05,506,,,,
64.1,440,64.1,506,,,,
64.15,438,64.15,507,,,,
64.2,429,64.2,506,,,,
64.25,426,64.25,506,,,,
64.3,426,64.3,504,,,,
64.35,417,64.35,504,,,,
64.4,417,64.4,503,,,,
64.45,413,64.45,503,,,,
64.5,413,64.5,503,,,,
64.55,407,64.55,505,,,,
64.6,406,64.6,505,,,,
64.65,406,64.65,504,,,,
64.7,402,64.7,504,,,,
64.75,402,64.75,505,,,,
64.8,401,64.8,505,,,,
64.85,401,64.85,505,,,,
64.9,401,64.9,502,,,,
64.95,401,64.95,502,,,,
65,396,65,505,,,,
65.05,398,65.05,505,,,,
65.1,397,65.1,509,,,,
65.15,397,65.15,506,,,,
65.2,398,65.2,506,,,,
65.25,398,65.25,509,,,,
65.3,395,65.3,509,,,,
65.35,395,65.35,507,,,,
65.4,397,65.4,508,,,,
65.45,397,65.45,508,,,,
65.5,397,65.5,507,,,,
65.55,401,65.55,507,,,,
65.6,405,65.6,507,,,,
65.65,407,65.65,507,,,,
65.7,407,65.7,505,,,,
65.75,397,65.75,505,,,,
65.8,397,65.8,505,,,,
65.85,391,65.85,503,,,,
65.9,392,65.9,503,,,,
65.95,390,65.95,501,,,,
66,390,66,503,,,,
66.05,387,66.05,503,,,,
66.1,387,66.1,501,,,,
66.15,384,66.15,501,,,,
66.2,384,66.2,501,,,,
66.25,382,66.25,501,,,,
66.3,382,66.3,498,,,,
66.35,381,66.35,501,,,,
66.4,383,66.4,501,,,,
66.45,381,66.45,498,,,,
66.5,381,66.5,498,,,,
66.55,382,66.55,499,,,,
66.6,378,66.6,502,,,,
66.65,378,66.65,502,,,,
66.7,377,66.7,497,,,,
66.75,378,66.75,497,,,,
66.8,377,66.8,498,,,,
66.85,377,66.85,498,,,,
66.9,377,66.9,499,,,,
66.95,377,66.95,503,,,,
67,374,67,503,,,,
67.05,376,67.05,502,,,,
67.1,376,67.1,502,,,,
67.15,376,67.15,503,,,,
67.2,373,67.2,504,,,,
67.25,377,67.25,504,,,,
67.3,375,67.3,507,,,,
67.35,375,67.35,507,,,,
67.4,375,67.4,506,,,,
67.45,375,67.45,507,,,,
67.5,375,67.5,507,,,,
67.55,375,67.55,508,,,,
67.6,376,67.6,508,,,,
67.65,379,67.65,506,,,,
67.7,379,67.7,506,,,,
67.75,381,67.75,507,,,,
67.8,381,67.8,505,,,,
67.85,380,67.85,505,,,,
67.9,382,67.9,504,,,,
67.95,377,67.95,504,,,,
68,377,68,503,,,,
68.05,375,68.05,504,,,,
68.1,376,68.1,504,,,,
68.15,375,68.15,504,,,,
68.2,375,68.2,504,,,,
68.25,375,68.25,503,,,,
68.3,375,68.3,503,,,,
68.35,373,68.35,505,,,,
68.4,376,68.4,501,,,,
68.45,374,68.45,501,,,,
68.5,374,68.5,499,,,,
68.55,372,68.55,499,,,,
68.6,377,68.6,502,,,,
68.65,377,68.65,501,,,,
68.7,376,68.7,501,,,,
68.75,382,68.75,502,,,,
68.8,380,68.8,502,,,,
68.85,380,68.85,505,,,,
68.9,384,68.9,505,,,,
68.95,384,68.95,504,,,,
69,381,69,503,,,,
69.05,381,69.05,503,,,,
69.1,385,69.1,501,,,,
69.15,385,69.15,501,,,,
69.2,389,69.2,500,,,,
69.25,395,69.25,499,,,,
69.3,399,69.3,499,,,,
69.35,399,69.35,497,,,,
69.4,396,69.4,497,,,,
69.45,393,69.45,500,,,,
69.5,391,69.5,500,,,,
69.55,391,69.55,499,,,,
69.6,381,69.6,496,,,,
69.65,378,69.65,496,,,,
69.7,378,69.7,495,,,,
69.75,374,69.75,495,,,,
69.8,374,69.8,499,,,,
69.85,372,69.85,498,,,,
69.9,372,69.9,498,,,,
69.95,368,69.95,494,,,,
70,368,70,494,,,,
70.05,366,70.05,494,,,,
70.1,366,70.1,494,,,,
70.15,364,70.15,496,,,,
70.2,364,70.2,493,,,,
70.25,361,70.25,493,,,,
70.3,361,70.3,495,,,,
70.35,358,70.35,495,,,,
70.4,358,70.4,490,,,,
70.45,356,70.45,494,,,,
70.5,356,70.5,494,,,,
70.55,352,70.55,493,,,,
70.6,352,70.6,493,,,,
70.65,353,70.65,493,,,,
70.7,351,70.7,493,,,,
70.75,351,70.75,494,,,,
70.8,348,70.8,494,,,,
70.85,348,70.85,494,,,,
70.9,348,70.9,489,,,,
70.95,345,70.95,489,,,,
71,347,71,492,,,,
71.05,347,71.05,490,,,,
71.1,346,71.1,490,,,,
71.15,346,71.15,489,,,,
71.2,344,71.2,489,,,,
71.25,342,71.25,492,,,,
71.3,342,71.3,492,,,,
71.35,342,71.35,489,,,,
71.4,340,71.4,488,,,,
71.45,341,71.45,488,,,,
71.5,340,71.5,486,,,,
71.55,340,71.55,486,,,,
71.6,338,71.6,484,,,,
71.65,338,71.65,486,,,,
71.7,338,71.7,486,,,,
71.75,337,71.75,487,,,,
71.8,337,71.8,487,,,,
71.85,337,71.85,486,,,,
71.9,337,71.9,483,,,,
71.95,338,71.95,483,,,,
72,338,72,486,,,,
72.05,338,72.05,486,,,,
72.1,337,72.1,488,,,,
72.15,339,72.15,488,,,,
72.2,339,72.2,486,,,,
72.25,337,72.25,481,,,,
72.3,336,72.3,481,,,,
72.35,335,72.35,486,,,,
72.4,335,72.4,486,,,,
72.45,335,72.45,484,,,,
72.5,335,72.5,483,,,,
72.55,336,72.55,483,,,,
72.6,335,72.6,483,,,,
72.65,335,72.65,483,,,,
72.7,333,72.7,483,,,,
72.75,333,72.75,483,,,,
72.8,333,72.8,481,,,,
72.85,333,72.85,483,,,,
72.9,334,72.9,483,,,,
72.95,333,72.95,483,,,,
73,333,73,483,,,,
73.05,333,73.05,483,,,,
73.1,334,73.1,481,,,,
73.15,334,73.15,481,,,,
73.2,334,73.2,482,,,,
73.25,334,73.25,482,,,,
73.3,336,73.3,479,,,,
73.35,336,73.35,479,,,,
73.4,336,73.4,478,,,,
73.45,335,73.45,478,,,,
73.5,336,73.5,478,,,,
73.55,336,73.55,480,,,,
73.6,338,73.6,480,,,,
73.65,334,73.65,479,,,,
73.7,334,73.7,479,,,,
73.75,333,73.75,479,,,,
73.8,332,73.8,482,,,,
73.85,332,73.85,482,,,,
73.9,332,73.9,480,,,,
73.95,331,73.95,480,,,,
74,331,74,480,,,,
74.05,330,74.05,478,,,,
74.1,330,74.1,478,,,,
74.15,329,74.15,478,,,,
74.2,329,74.2,478,,,,
74.25,332,74.25,477,,,,
74.3,330,74.3,480,,,,
74.35,327,74.35,480,,,,
74.4,327,74.4,477,,,,
74.45,326,74.45,477,,,,
74.5,326,74.5,475,,,,
74.55,324,74.55,475,,,,
74.6,324,74.6,475,,,,
74.65,328,74.65,477,,,,
74.7,329,74.7,477,,,,
74.75,329,74.75,477,,,,
74.8,329,74.8,477,,,,
74.85,329,74.85,478,,,,
74.9,328,74.9,476,,,,
74.95,328,74.95,476,,,,
75,326,75,478,,,,
75.05,326,75.05,478,,,,
75.1,330,75.1,475,,,,
75.15,326,75.15,475,,,,
75.2,327,75.2,476,,,,
75.25,327,75.25,476,,,,
75.3,324,75.3,476,,,,
75.35,324,75.35,481,,,,
75.4,319,75.4,481,,,,
75.45,317,75.45,478,,,,
75.5,319,75.5,477,,,,
75.55,319,75.55,477,,,,
75.6,320,75.6,475,,,,
75.65,320,75.65,475,,,,
75.7,318,75.7,476,,,,
75.75,317,75.75,476,,,,
75.8,317,75.8,476,,,,
75.85,317,75.85,478,,,,
75.9,317,75.9,478,,,,
75.95,312,75.95,477,,,,
76,312,76,477,,,,
76.05,311,76.05,471,,,,
76.1,311,76.1,475,,,,
76.15,311,76.15,475,,,,
76.2,311,76.2,472,,,,
76.25,311,76.25,472,,,,
76.3,317,76.3,475,,,,
76.35,314,76.35,475,,,,
76.4,314,76.4,474,,,,
76.45,311,76.45,475,,,,
76.5,316,76.5,475,,,,
76.55,317,76.55,474,,,,
76.6,317,76.6,474,,,,
76.65,315,76.65,475,,,,
76.7,316,76.7,474,,,,
76.75,316,76.75,474,,,,
76.8,317,76.8,473,,,,
76.85,317,76.85,473,,,,
76.9,316,76.9,473,,,,
76.95,316,76.95,472,,,,
77,317,77,472,,,,
77.05,317,77.05,471,,,,
77.1,315,77.1,471,,,,
77.15,317,77.15,471,,,,
77.2,314,77.2,471,,,,
77.25,314,77.25,472,,,,
77.3,314,77.3,471,,,,
77.35,314,77.35,471,,,,
77.4,314,77.4,470,,,,
77.45,314,77.45,470,,,,
77.5,314,77.5,474,,,,
77.55,314,77.55,474,,,,
77.6,312,77.6,474,,,,
77.65,314,77.65,474,,,,
77.7,314,77.7,474,,,,
77.75,314,77.75,476,,,,
77.8,314,77.8,476,,,,
77.85,312,77.85,475,,,,
77.9,312,77.9,475,,,,
77.95,313,77.95,475,,,,
78,311,78,471,,,,
78.05,314,78.05,471,,,,
78.1,314,78.1,471,,,,
78.15,314,78.15,471,,,,
78.2,314,78.2,471,,,,
78.25,316,78.25,474,,,,
78.3,316,78.3,474,,,,
78.35,317,78.35,472,,,,
78.4,317,78.4,472,,,,
78.45,314,78.45,474,,,,
78.5,312,78.5,474,,,,
78.55,314,78.55,474,,,,
78.6,314,78.6,470,,,,
78.65,313,78.65,470,,,,
78.7,313,78.7,472,,,,
78.75,310,78.75,473,,,,
78.8,314,78.8,473,,,,
78.85,308,78.85,474,,,,
78.9,313,78.9,474,,,,
78.95,313,78.95,476,,,,
79,315,79,476,,,,
79.05,315,79.05,476,,,,
79.1,318,79.1,477,,,,
79.15,318,79.15,477,,,,
79.2,316,79.2,479,,,,
79.25,316,79.25,479,,,,
79.3,317,79.3,477,,,,
79.35,316,79.35,476,,,,
79.4,317,79.4,476,,,,
79.45,317,79.45,475,,,,
79.5,314,79.5,475,,,,
79.55,314,79.55,471,,,,
79.6,314,79.6,471,,,,
79.65,313,79.65,474,,,,
79.7,316,79.7,474,,,,
79.75,316,79.75,474,,,,
79.8,315,79.8,477,,,,
79.85,314,79.85,477,,,,
79.9,314,79.9,474,,,,
79.95,314,79.95,472,,,,
80,312,80,472,,,,
80.05,313,80.05,475,,,,
80.1,313,80.1,475,,,,
80.15,312,80.15,472,,,,
80.2,312,80.2,472,,,,
80.25,310,80.25,472,,,,
80.3,310,80.3,471,,,,
80.35,311,80.35,471,,,,
80.4,311,80.4,471,,,,
80.45,311,80.45,471,,,,
80.5,308,80.5,471,,,,
80.55,307,80.55,470,,,,
80.6,307,80.6,470,,,,
80.65,305,80.65,473,,,,
80.7,308,80.7,473,,,,
80.75,304,80.75,473,,,,
80.8,303,80.8,473,,,,
80.85,307,80.85,476,,,,
80.9,308,80.9,473,,,,
80.95,308,80.95,473,,,,
81,305,81,472,,,,
81.05,305,81.05,472,,,,
81.1,305,81.1,473,,,,
81.15,305,81.15,474,,,,
81.2,306,81.2,474,,,,
81.25,306,81.25,471,,,,
81.3,303,81.3,471,,,,
81.35,305,81.35,470,,,,
81.4,304,81.4,470,,,,
81.45,304,81.45,473,,,,
81.5,307,81.5,474,,,,
81.55,307,81.55,474,,,,
81.6,307,81.6,472,,,,
81.65,307,81.65,472,,,,
81.7,306,81.7,469,,,,
81.75,306,81.75,468,,,,
81.8,306,81.8,468,,,,
81.85,304,81.85,474,,,,
81.9,304,81.9,474,,,,
81.95,300,81.95,470,,,,
82,304,82,471,,,,
82.05,298,82.05,471,,,,
82.1,298,82.1,470,,,,
82.15,296,82.15,470,,,,
82.2,302,82.2,475,,,,
82.25,300,82.25,475,,,,
82.3,300,82.3,474,,,,
82.35,298,82.35,469,,,,
82.4,298,82.4,469,,,,
82.45,302,82.45,468,,,,
82.5,301,82.5,468,,,,
82.55,304,82.55,466,,,,
82.6,304,82.6,464,,,,
82.65,303,82.65,464,,,,
82.7,303,82.7,467,,,,
82.75,302,82.75,467,,,,
82.8,302,82.8,465,,,,
82.85,304,82.85,465,,,,
82.9,305,82.9,462,,,,
82.95,305,82.95,461,,,,
83,303,83,461,,,,
83.05,302,83.05,459,,,,
83.07993853,302,83.1,459,,,,
,,83.15,465,,,,
,,83.2,465,,,,
,,83.25,460,,,,
,,83.3,463,,,,
,,83.35,463,,,,
,,83.4,462,,,,
,,83.45,462,,,,
,,83.5,465,,,,
,,83.55,468,,,,
,,83.6,468,,,,
,,83.65,468,,,,
,,83.7,468,,,,
,,83.75,455,,,,
,,83.8,456,,,,
,,83.85,456,,,,
,,83.9,460,,,,
,,83.95,460,,,,
,,84,458,,,,
,,84.05,458,,,,
,,84.1,454,,,,
,,84.15,454,,,,
,,84.2,454,,,,
,,84.25,454,,,,
,,84.3,454,,,,
,,84.35,454,,,,
,,84.4,456,,,,
,,84.45,456,,,,
,,84.5,457,,,,
,,84.55,457,,,,
,,84.6,462,,,,
,,84.65,462,,,,
,,84.7,457,,,,
,,84.75,458,,,,
,,84.8,458,,,,
,,84.85,457,,,,
,,84.9,457,,,,
,,84.95,458,,,,
,,85,458,,,,
,,85.05,458,,,,
,,85.1,456,,,,
,,85.15,456,,,,
,,85.2,458,,,,
,,85.25,458,,,,
,,85.3,456,,,,
,,85.35,457,,,,
,,85.4,457,,,,
,,85.45,457,,,,
,,85.5,457,,,,
,,85.55,457,,,,
,,85.6,456,,,,
,,85.65,456,,,,
,,85.7,455,,,,
,,85.75,455,,,,
,,85.8,450,,,,
,,85.85,450,,,,
,,85.9,448,,,,
,,85.95,450,,,,
,,86,450,,,,
,,86.05,452,,,,
,,86.1,452,,,,
,,86.15,453,,,,
,,86.2,450,,,,
,,86.25,450,,,,
,,86.3,449,,,,
,,86.35,449,,,,
,,86.4,449,,,,
,,86.45,449,,,,
,,86.5,448,,,,
,,86.55,448,,,,
,,86.6,446,,,,
,,86.65,447,,,,
,,86.7,447,,,,
,,86.75,446,,,,
,,86.8,447,,,,
,,86.85,447,,,,
,,86.9,446,,,,
,,86.95,446,,,,
,,87,445,,,,
,,87.05,445,,,,
,,87.1,447,,,,
,,87.15,446,,,,
,,87.2,446,,,,
,,87.25,447,,,,
,,87.3,447,,,,
,,87.35,449,,,,
,,87.4,451,,,,
,,87.45,451,,,,
,,87.5,455,,,,
,,87.55,455,,,,
,,87.6,456,,,,
,,87.65,456,,,,
,,87.7,450,,,,
,,87.75,447,,,,
,,87.8,447,,,,
,,87.85,447,,,,
,,87.9,447,,,,
,,87.95,443,,,,
,,88,446,,,,
,,88.05,446,,,,
,,88.1,447,,,,
,,88.15,447,,,,
,,88.2,447,,,,
,,88.25,442,,,,
,,88.3,442,,,,
,,88.35,446,,,,
,,88.4,446,,,,
,,88.45,444,,,,
,,88.5,444,,,,
,,88.55,445,,,,
,,88.6,447,,,,
,,88.65,447,,,,
,,88.7,442,,,,
,,88.75,442,,,,
,,88.8,442,,,,
,,88.85,443,,,,
,,88.9,443,,,,
,,88.95,447,,,,
,,89,443,,,,
,,89.05,443,,,,
,,89.1,443,,,,
,,89.15,445,,,,
,,89.2,446,,,,
,,89.25,446,,,,
,,89.3,444,,,,
,,89.35,444,,,,
,,89.4,444,,,,
,,89.45,453,,,,
,,89.5,450,,,,
,,89.55,442,,,,
,,89.6,442,,,,
,,89.65,444,,,,
,,89.7,444,,,,
,,89.75,444,,,,
,,89.8,443,,,,
,,89.85,443,,,,
,,89.9,444,,,,
,,89.95,444,,,,
,,90,443,,,,
,,90.05,443,,,,
,,90.1,443,,,,
,,90.15,443,,,,
,,90.2,443,,,,
,,90.25,443,,,,
,,90.3,443,,,,
,,90.35,442,,,,
,,90.4,442,,,,
,,90.45,437,,,,
,,90.5,437,,,,
,,90.55,437,,,,
,,90.6,441,,,,
,,90.65,440,,,,
,,90.7,440,,,,
,,90.75,445,,,,
,,90.8,445,,,,
,,90.85,446,,,,
,,90.9,446,,,,
,,90.95,441,,,,
,,91,445,,,,
,,91.05,445,,,,
,,91.1,445,,,,
,,91.15,445,,,,
,,91.2,446,,,,
,,91.25,441,,,,
,,91.3,441,,,,
,,91.35,439,,,,
,,91.4,442,,,,
,,91.45,439,,,,
,,91.5,439,,,,
,,91.55,437,,,,
,,91.6,437,,,,
,,91.65,437,,,,
,,91.7,433,,,,
,,91.75,433,,,,
,,91.8,432,,,,
,,91.85,433,,,,
,,91.9,434,,,,
,,91.95,433,,,,
,,92,433,,,,
,,92.05,434,,,,
,,92.1,434,,,,
,,92.15,436,,,,
,,92.2,436,,,,
,,92.25,436,,,,
,,92.3,433,,,,
,,92.35,438,,,,
,,92.4,438,,,,
,,92.45,438,,,,
,,92.5,438,,,,
,,92.55,436,,,,
,,92.6,436,,,,
,,92.65,437,,,,
,,92.7,437,,,,
,,92.75,437,,,,
,,92.8,437,,,,
,,92.85,439,,,,
,,92.9,439,,,,
,,92.95,439,,,,
,,93,438,,,,
,,93.05,435,,,,
,,93.1,435,,,,
,,93.15,434,,,,
,,93.2,434,,,,
,,93.25,435,,,,
,,93.3,436,,,,
,,93.35,436,,,,
,,93.4,431,,,,
,,93.45,431,,,,
,,93.5,430,,,,
,,93.55,430,,,,
,,93.6,430,,,,
,,93.65,432,,,,
,,93.7,432,,,,
,,93.75,431,,,,
,,93.8,436,,,,
,,93.85,435,,,,
,,93.9,435,,,,
,,93.95,433,,,,
,,94,432,,,,
,,94.05,432,,,,
,,94.1,432,,,,
,,94.15,432,,,,
,,94.2,430,,,,
,,94.25,433,,,,
,,94.3,433,,,,
,,94.35,430,,,,
,,94.4,430,,,,
,,94.45,429,,,,
,,94.5,429,,,,
,,94.55,432,,,,
,,94.6,429,,,,
,,94.65,429,,,,
,,94.7,431,,,,
,,94.75,432,,,,
,,94.8,431,,,,
,,94.85,432,,,,
,,94.9,432,,,,
,,94.95,431,,,,
,,95,431,,,,
,,95.05,430,,,,
,,95.1,431,,,,
,,95.15,431,,,,
,,95.2,429,,,,
,,95.25,431,,,,
,,95.3,429,,,,
,,95.35,429,,,,
,,95.4,433,,,,
,,95.45,430,,,,
,,95.5,430,,,,
,,95.55,434,,,,
,,95.6,434,,,,
,,95.65,432,,,,
,,95.7,432,,,,
,,95.75,432,,,,
,,95.8,431,,,,
,,95.85,431,,,,
,,95.9,426,,,,
,,95.95,426,,,,
,,96,426,,,,
,,96.05,424,,,,
,,96.1,424,,,,
,,96.15,424,,,,
,,96.2,423,,,,
,,96.25,423,,,,
,,96.3,425,,,,
,,96.35,425,,,,
,,96.4,421,,,,
,,96.45,421,,,,
,,96.5,422,,,,
,,96.55,422,,,,
,,96.6,422,,,,
,,96.65,421,,,,
,,96.7,421,,,,
,,96.75,419,,,,
,,96.8,419,,,,
,,96.85,423,,,,
,,96.9,422,,,,
,,96.95,422,,,,
,,97,423,,,,
,,97.05,423,,,,
,,97.1,421,,,,
,,97.15,421,,,,
,,97.2,421,,,,
,,97.25,421,,,,
,,97.3,421,,,,
,,97.35,422,,,,
,,97.4,422,,,,
,,97.45,422,,,,
,,97.5,422,,,,
,,97.55,422,,,,
,,97.6,422,,,,
,,97.65,422,,,,
,,97.7,421,,,,
,,97.75,421,,,,
,,97.8,422,,,,
,,97.85,423,,,,
,,97.9,423,,,,
,,97.95,417,,,,
,,98,417,,,,
,,98.05,419,,,,
,,98.1,421,,,,
,,98.15,421,,,,
,,98.2,418,,,,
,,98.25,418,,,,
,,98.3,421,,,,
,,98.35,421,,,,
,,98.4,420,,,,
,,98.45,425,,,,
,,98.5,425,,,,
,,98.55,423,,,,
,,98.6,423,,,,
,,98.65,423,,,,
,,98.7,422,,,,
,,98.75,422,,,,
,,98.8,420,,,,
,,98.85,420,,,,
,,98.9,427,,,,
,,98.95,427,,,,
,,99,429,,,,
,,99.05,425,,,,
,,99.1,425,,,,
,,99.15,426,,,,
,,99.2,426,,,,
,,99.25,426,,,,
,,99.3,426,,,,
,,99.35,426,,,,
,,99.4,427,,,,
,,99.45,427,,,,
,,99.5,420,,,,
,,99.55,420,,,,
,,99.6,419,,,,
,,99.65,418,,,,
,,99.7,418,,,,
,,99.75,421,,,,
,,99.8,421,,,,
,,99.85,421,,,,
,,99.9,417,,,,
,,99.95,417,,,,
,,100,418,,,,
,,100.05,418,,,,
,,100.1,413,,,,
,,100.15,413,,,,
,,100.2,415,,,,
,,100.25,417,,,,
,,100.3,417,,,,
,,100.35,421,,,,
,,100.4,421,,,,
,,100.45,422,,,,
,,100.5,423,,,,
,,100.55,423,,,,
,,100.6,424,,,,
,,100.65,424,,,,
,,100.7,423,,,,
,,100.75,423,,,,
,,100.8,420,,,,
,,100.85,418,,,,
,,100.9,418,,,,
,,100.95,419,,,,
,,101,419,,,,
,,101.05,421,,,,
,,101.1,419,,,,
,,101.15,419,,,,
,,101.2,418,,,,
,,101.25,418,,,,
,,101.3,418,,,,
,,101.35,418,,,,
,,101.4,420,,,,
,,101.45,418,,,,
,,101.5,418,,,,
,,101.55,420,,,,
,,101.6,420,,,,
,,101.65,419,,,,
,,101.7,417,,,,
,,101.75,417,,,,
,,101.8,413,,,,
,,101.85,413,,,,
,,101.9,415,,,,
,,101.95,415,,,,
,,102,416,,,,
,,102.05,417,,,,
,,102.1,417,,,,
,,102.15,418,,,,
,,102.2,418,,,,
,,102.25,420,,,,
,,102.3,417,,,,
,,102.35,417,,,,
,,102.4,416,,,,
,,102.45,416,,,,
,,102.5,415,,,,
,,102.55,415,,,,
,,102.6,416,,,,
,,102.65,418,,,,
,,102.7,418,,,,
,,102.75,418,,,,
,,102.8,418,,,,
,,102.85,421,,,,
,,102.9,420,,,,
,,102.95,420,,,,
,,103,417,,,,
,,103.05,417,,,,
,,103.1,419,,,,
,,103.15,419,,,,
,,103.2,419,,,,
,,103.25,420,,,,
,,103.3,418,,,,
,,103.35,418,,,,
,,103.4,418,,,,
,,103.45,417,,,,
,,103.5,418,,,,
,,103.55,418,,,,
,,103.6,419,,,,
,,103.65,419,,,,
,,103.7,418,,,,
,,103.75,418,,,,
,,103.8,425,,,,
,,103.85,423,,,,
,,103.9,423,,,,
,,103.95,423,,,,
,,104,423,,,,
,,104.05,418,,,,
,,104.1,422,,,,
,,104.15,422,,,,
,,104.2,418,,,,
,,104.25,418,,,,
,,104.3,422,,,,
,,104.35,422,,,,
,,104.4,422,,,,
,,104.45,421,,,,
,,104.5,421,,,,
,,104.55,421,,,,
,,104.6,421,,,,
,,104.65,421,,,,
,,104.7,417,,,,
,,104.75,422,,,,
,,104.8,419,,,,
,,104.85,419,,,,
,,104.9,420,,,,
,,104.95,415,,,,
,,105,415,,,,
,,105.05,418,,,,
,,105.1,418,,,,
,,105.15,419,,,,
,,105.2,419,,,,
,,105.25,420,,,,
,,105.3,421,,,,
,,105.35,421,,,,
,,105.4,423,,,,
,,105.45,423,,,,
,,105.5,422,,,,
,,105.55,417,,,,
,,105.6,417,,,,
,,105.65,418,,,,
,,105.7,422,,,,
,,105.75,417,,,,
,,105.8,417,,,,
,,105.85,413,,,,
,,105.9,416,,,,
,,105.95,416,,,,
,,106,417,,,,
,,106.05,417,,,,
,,106.1,416,,,,
,,106.15,415,,,,
,,106.2,415,,,,
,,106.25,415,,,,
,,106.3,415,,,,
,,106.35,415,,,,
,,106.4,415,,,,
,,106.45,413,,,,
,,106.5,417,,,,
,,106.55,417,,,,
,,106.6,419,,,,
,,106.65,419,,,,
,,106.7,419,,,,
,,106.75,419,,,,
,,106.8,419,,,,
,,106.85,423,,,,
,,106.9,423,,,,
,,106.95,425,,,,
,,107,425,,,,
,,107.05,428,,,,
,,107.1,431,,,,
,,107.15,432,,,,
,,107.2,434,,,,
,,107.25,434,,,,
,,107.3,430,,,,
,,107.35,428,,,,
,,107.4,428,,,,
,,107.45,432,,,,
,,107.5,432,,,,
,,107.55,432,,,,
,,107.6,432,,,,
,,107.65,432,,,,
,,107.7,433,,,,
,,107.75,433,,,,
,,107.8,432,,,,
,,107.85,432,,,,
,,107.9,431,,,,
,,107.95,428,,,,
,,108,428,,,,
,,108.05,431,,,,
,,108.1,431,,,,
,,108.15,430,,,,
,,108.2,430,,,,
,,108.25,431,,,,
,,108.3,434,,,,
,,108.35,434,,,,
,,108.4,433,,,,
,,108.45,433,,,,
,,108.5,434,,,,
,,108.55,437,,,,
,,108.6,437,,,,
,,108.65,436,,,,
,,108.7,436,,,,
,,108.75,435,,,,
,,108.8,435,,,,
,,108.85,438,,,,
,,108.9,438,,,,
,,108.95,438,,,,
,,109,438,,,,
,,109.05,441,,,,
,,109.1,441,,,,
,,109.15,441,,,,
,,109.2,441,,,,
,,109.25,444,,,,
,,109.3,444,,,,
,,109.35,442,,,,
,,109.4,442,,,,
,,109.45,442,,,,
,,109.5,446,,,,
,,109.55,446,,,,
,,109.6,445,,,,
,,109.65,445,,,,
,,109.7,446,,,,
,,109.75,449,,,,
,,109.8,449,,,,
,,109.85,450,,,,
,,109.9,450,,,,
,,109.95,452,,,,
,,110,454,,,,
,,110.05,453,,,,
,,110.1,452,,,,
,,110.15,452,,,,
,,110.2,454,,,,
,,110.25,454,,,,
,,110.3,457,,,,
,,110.35,455,,,,
,,110.4,455,,,,
,,110.45,454,,,,
,,110.5,454,,,,
,,110.55,457,,,,
,,110.6,457,,,,
,,110.65,457,,,,
,,110.7,457,,,,
,,110.75,457,,,,
,,110.8,458,,,,
,,110.85,458,,,,
,,110.9,459,,,,
,,110.95,458,,,,
,,111,458,,,,
,,111.05,460,,,,
,,111.1,460,,,,
,,111.15,461,,,,
,,111.2,461,,,,
,,111.25,461,,,,
,,111.3,463,,,,
,,111.35,463,,,,
,,111.4,462,,,,
,,111.45,462,,,,
,,111.5,461,,,,
,,111.55,463,,,,
,,111.6,463,,,,
,,111.65,466,,,,
,,111.7,466,,,,
,,111.75,471,,,,
,,111.8,471,,,,
,,111.85,463,,,,
,,111.9,466,,,,
,,111.95,466,,,,
,,112,467,,,,
,,112.05,467,,,,
,,112.1,467,,,,
,,112.15,468,,,,
,,112.2,468,,,,
,,112.25,466,,,,
,,112.3,466,,,,
,,112.35,473,,,,
,,112.4,473,,,,
,,112.45,472,,,,
,,112.5,474,,,,
,,112.55,474,,,,
,,112.6,472,,,,
,,112.65,472,,,,
,,112.7,472,,,,
,,112.75,474,,,,
,,112.8,474,,,,
,,112.85,474,,,,
,,112.9,474,,,,
,,112.95,476,,,,
,,113,476,,,,
,,113.05,475,,,,
,,113.1,476,,,,
,,113.15,476,,,,
,,113.2,477,,,,
,,113.25,477,,,,
,,113.3,475,,,,
,,113.35,480,,,,
,,113.4,480,,,,
,,113.45,480,,,,
,,113.5,480,,,,
,,113.55,486,,,,
,,113.6,486,,,,
,,113.65,484,,,,
,,113.7,482,,,,
,,113.75,479,,,,
,,113.8,480,,,,
,,113.85,480,,,,
,,113.9,479,,,,
,,113.95,479,,,,
,,114,479,,,,
,,114.05,479,,,,
,,114.1,479,,,,
,,114.15,480,,,,
,,114.2,480,,,,
,,114.25,478,,,,
,,114.3,477,,,,
,,114.35,477,,,,
,,114.4,481,,,,
,,114.45,481,,,,
,,114.5,480,,,,
,,114.55,479,,,,
,,114.6,479,,,,
,,114.65,480,,,,
,,114.7,477,,,,
,,114.75,478,,,,
,,114.8,478,,,,
,,114.85,477,,,,
,,114.9,483,,,,
,,114.95,483,,,,
,,115,483,,,,
,,115.05,483,,,,
,,115.1,479,,,,
,,115.15,475,,,,
,,115.2,475,,,,
,,115.25,474,,,,
,,115.3,474,,,,
,,115.35,475,,,,
,,115.4,475,,,,
,,115.45,469,,,,
,,115.5,471,,,,
,,115.55,471,,,,
,,115.6,472,,,,
,,115.65,472,,,,
,,115.7,470,,,,
,,115.75,468,,,,
,,115.8,468,,,,
,,115.85,466,,,,
,,115.9,466,,,,
,,115.95,466,,,,
,,116,466,,,,
,,116.05,465,,,,
,,116.1,465,,,,
,,116.15,464,,,,
,,116.2,464,,,,
,,116.25,464,,,,
,,116.3,463,,,,
,,116.35,465,,,,
,,116.4,465,,,,
,,116.45,466,,,,
,,116.5,466,,,,
,,116.55,469,,,,
,,116.6,461,,,,
,,116.65,463,,,,
,,116.7,462,,,,
,,116.75,462,,,,
,,116.8,460,,,,
,,116.85,460,,,,
,,116.9,456,,,,
,,116.95,458,,,,
,,117,458,,,,
,,117.05,459,,,,
,,117.1,459,,,,
,,117.15,457,,,,
,,117.2,457,,,,
,,117.25,458,,,,
,,117.3,459,,,,
,,117.35,459,,,,
,,117.4,460,,,,
,,117.45,460,,,,
,,117.5,459,,,,
,,117.55,462,,,,
,,117.6,462,,,,
,,117.65,462,,,,
,,117.7,462,,,,
,,117.75,460,,,,
,,117.8,460,,,,
,,117.85,462,,,,
,,117.9,461,,,,
,,117.95,461,,,,
,,118,459,,,,
,,118.05,459,,,,
,,118.1,460,,,,
,,118.15,460,,,,
,,118.2,460,,,,
,,118.25,459,,,,
,,118.3,459,,,,
,,118.35,461,,,,
,,118.4,461,,,,
,,118.45,460,,,,
,,118.5,460,,,,
,,118.55,460,,,,
,,118.6,460,,,,
,,118.65,460,,,,
,,118.7,460,,,,
,,118.75,461,,,,
,,118.8,461,,,,
,,118.85,461,,,,
,,118.9,461,,,,
,,118.95,468,,,,
,,119,465,,,,
,,119.05,468,,,,
,,119.1,463,,,,
,,119.15,463,,,,
,,119.2,462,,,,
,,119.25,462,,,,
,,119.3,466,,,,
,,119.35,464,,,,
,,119.4,464,,,,
,,119.45,466,,,,
,,119.5,466,,,,
,,119.55,460,,,,
,,119.6,460,,,,
,,119.65,461,,,,
,,119.7,458,,,,
,,119.75,458,,,,
,,119.8,457,,,,
,,119.85,457,,,,
,,119.9,459,,,,
,,119.95,459,,,,
,,120,459,,,,
,,120.05,458,,,,
,,120.1,458,,,,
,,120.15,460,,,,
,,120.2,460,,,,
,,120.25,464,,,,
,,120.3,463,,,,
,,120.35,463,,,,
,,120.4,463,,,,
,,120.45,463,,,,
,,120.5,463,,,,
,,120.55,465,,,,
,,120.6,465,,,,
,,120.65,467,,,,
,,120.7,467,,,,
,,120.75,465,,,,
,,120.8,465,,,,
,,120.85,470,,,,
,,120.9,472,,,,
,,120.95,472,,,,
,,121,471,,,,
,,121.05,471,,,,
,,121.1,470,,,,
,,121.15,469,,,,
,,121.2,469,,,,
,,121.25,465,,,,
,,121.3,465,,,,
,,121.35,463,,,,
,,121.4,463,,,,
,,121.45,465,,,,
,,121.5,468,,,,
,,121.55,468,,,,
,,121.6,469,,,,
,,121.65,469,,,,
,,121.7,476,,,,
,,121.75,472,,,,
,,121.8,472,,,,
,,121.85,470,,,,
,,121.9,470,,,,
,,121.95,471,,,,
,,122,471,,,,
,,122.05,468,,,,
,,122.1,471,,,,
,,122.15,471,,,,
,,122.2,470,,,,
,,122.25,470,,,,
,,122.3,471,,,,
,,122.35,474,,,,
,,122.4,474,,,,
,,122.45,476,,,,
,,122.5,476,,,,
,,122.55,478,,,,
,,122.6,478,,,,
,,122.65,478,,,,
,,122.7,477,,,,
,,122.75,476,,,,
,,122.8,477,,,,
,,122.85,477,,,,
,,122.9,478,,,,
,,122.95,476,,,,
,,123,476,,,,
,,123.05,474,,,,
,,123.1,474,,,,
,,123.15,474,,,,
,,123.2,475,,,,
,,123.25,477,,,,
,,123.3,480,,,,
,,123.35,480,,,,
,,123.4,481,,,,
,,123.45,481,,,,
,,123.5,476,,,,
,,123.55,480,,,,
,,123.6,480,,,,
,,123.65,483,,,,
,,123.7,484,,,,
,,123.75,487,,,,
,,123.8,488,,,,
,,123.85,488,,,,
,,123.9,488,,,,
,,123.95,488,,,,
,,124,487,,,,
,,124.05,487,,,,
,,124.1,490,,,,
,,124.15,490,,,,
,,124.2,492,,,,
,,124.25,494,,,,
,,124.3,494,,,,
,,124.35,495,,,,
,,124.4,488,,,,
,,124.45,488,,,,
,,124.5,483,,,,
,,124.55,483,,,,
,,124.6,488,,,,
,,124.65,489,,,,
,,124.7,492,,,,
,,124.75,490,,,,
,,124.8,490,,,,
,,124.85,489,,,,
,,124.9,489,,,,
,,124.95,487,,,,
,,125,487,,,,
,,125.05,487,,,,
,,125.1,486,,,,
,,125.15,486,,,,
,,125.2,486,,,,
,,125.25,486,,,,
,,125.3,486,,,,
,,125.35,486,,,,
,,125.4,486,,,,
,,125.45,484,,,,
,,125.5,484,,,,
,,125.55,481,,,,
,,125.6,485,,,,
,,125.65,485,,,,
,,125.7,488,,,,
,,125.75,488,,,,
,,125.8,488,,,,
,,125.85,488,,,,
,,125.9,488,,,,
,,125.95,492,,,,
,,126,492,,,,
,,126.05,489,,,,
,,126.1,489,,,,
,,126.15,488,,,,
,,126.2,489,,,,
,,126.25,489,,,,
,,126.3,489,,,,
,,126.35,489,,,,
,,126.4,492,,,,
,,126.45,492,,,,
,,126.5,494,,,,
,,126.55,493,,,,
,,126.6,493,,,,
,,126.65,496,,,,
,,126.7,496,,,,
,,126.75,490,,,,
,,126.8,489,,,,
,,126.85,489,,,,
,,126.9,487,,,,
,,126.95,487,,,,
,,127,485,,,,
,,127.05,485,,,,
,,127.1,485,,,,
,,127.15,485,,,,
,,127.2,485,,,,
,,127.25,489,,,,
,,127.3,489,,,,
,,127.35,487,,,,
,,127.4,487,,,,
,,127.45,487,,,,
,,127.5,486,,,,
,,127.55,486,,,,
,,127.6,486,,,,
,,127.65,486,,,,
,,127.7,491,,,,
,,127.75,489,,,,
,,127.8,489,,,,
,,127.85,490,,,,
,,127.9,490,,,,
,,127.95,494,,,,
,,128,492,,,,
,,128.05,492,,,,
,,128.1,494,,,,
,,128.15,494,,,,
,,128.2,495,,,,
,,128.25,495,,,,
,,128.3,495,,,,
,,128.35,499,,,,
,,128.4,497,,,,
,,128.45,497,,,,
,,128.5,497,,,,
,,128.55,500,,,,
,,128.6,498,,,,
,,128.65,498,,,,
,,128.7,501,,,,
,,128.75,501,,,,
,,128.8,503,,,,
,,128.85,503,,,,
,,128.9,508,,,,
,,128.95,506,,,,
,,129,506,,,,
,,129.05,510,,,,
,,129.1,510,,,,
,,129.15,510,,,,
,,129.2,513,,,,
,,129.25,513,,,,
,,129.3,510,,,,
,,129.35,512,,,,
,,129.4,510,,,,
,,129.45,510,,,,
,,129.5,512,,,,
,,129.55,511,,,,
,,129.6,511,,,,
,,129.65,510,,,,
,,129.7,510,,,,
,,129.75,510,,,,
,,129.8,510,,,,
,,129.85,512,,,,
,,129.9,512,,,,
,,129.95,512,,,,
,,130,511,,,,
,,130.05,511,,,,
,,130.1,512,,,,
,,130.15,514,,,,
,,130.2,514,,,,
,,130.25,516,,,,
,,130.3,516,,,,
,,130.35,519,,,,
,,130.4,520,,,,
,,130.45,520,,,,
,,130.5,522,,,,
,,130.55,522,,,,
,,130.6,525,,,,
,,130.65,525,,,,
,,130.7,525,,,,
,,130.75,530,,,,
,,130.8,526,,,,
,,130.85,524,,,,
,,130.9,524,,,,
,,130.95,521,,,,
,,131,524,,,,
,,131.05,524,,,,
,,131.1,525,,,,
,,131.15,525,,,,
,,131.2,526,,,,
,,131.25,526,,,,
,,131.3,525,,,,
,,131.35,526,,,,
,,131.4,526,,,,
,,131.45,531,,,,
,,131.5,531,,,,
,,131.55,534,,,,
,,131.6,534,,,,
,,131.65,539,,,,
,,131.7,535,,,,
,,131.75,535,,,,
,,131.8,534,,,,
,,131.85,534,,,,
,,131.9,533,,,,
,,131.95,531,,,,
,,132,531,,,,
,,132.05,530,,,,
,,132.1,530,,,,
,,132.15,531,,,,
,,132.2,527,,,,
,,132.25,528,,,,
,,132.3,528,,,,
,,132.315397,528,,,,
